t,x,y,z,yaw
0.031,1.000,24.000,0.002,-0.0000
0.066,1.000,24.000,0.002,-0.0000
0.100,1.000,24.000,0.002,-0.0000
0.135,1.000,24.000,0.002,-0.0000
0.170,1.000,24.000,0.002,-0.0000
0.206,1.000,24.000,0.002,-0.0000
0.242,1.000,24.000,0.002,-0.0000
0.283,1.000,24.000,0.002,-0.0000
0.322,1.000,24.000,0.002,-0.0000
0.361,1.000,24.000,0.002,-0.0000
0.399,1.000,24.000,0.002,-0.0000
0.434,1.000,24.000,0.002,-0.0000
0.469,1.000,24.000,0.002,-0.0000
0.504,1.000,24.000,0.002,-0.0000
0.540,1.000,24.000,0.002,-0.0000
0.575,1.000,24.000,0.002,-0.0000
0.610,1.000,24.000,0.002,-0.0000
0.645,1.000,24.000,0.002,-0.0000
0.689,1.000,24.000,0.002,-0.0000
0.736,1.000,24.000,0.002,-0.0000
0.777,1.000,24.000,0.002,-0.0000
0.813,1.000,24.000,0.002,-0.0000
0.862,1.000,24.000,0.002,-0.0000
0.906,1.000,24.000,0.002,-0.0000
0.946,1.000,24.000,0.002,-0.0000
0.981,1.000,24.000,0.002,-0.0000
1.016,1.000,24.000,0.002,-0.0000
1.051,1.000,24.000,0.002,-0.0000
1.086,1.000,24.000,0.002,-0.0000
1.123,1.000,24.000,0.002,-0.0000
1.158,1.000,24.000,0.002,-0.0000
1.193,1.000,24.000,0.002,-0.0000
1.228,1.000,24.000,0.002,-0.0000
1.264,1.000,24.000,0.002,-0.0000
1.299,1.000,24.000,0.002,-0.0000
1.334,1.000,24.000,0.002,-0.0000
1.369,1.000,24.000,0.002,-0.0000
1.405,1.000,24.000,0.002,-0.0000
1.439,1.000,24.000,0.002,-0.0000
1.474,1.000,24.000,0.002,-0.0000
1.509,1.000,24.000,0.002,-0.0000
1.544,1.000,24.000,0.002,-0.0000
1.579,1.000,24.000,0.002,-0.0000
1.614,1.000,24.000,0.002,-0.0000
1.649,1.000,24.000,0.002,-0.0000
1.684,1.000,24.000,0.002,-0.0000
1.719,1.000,24.000,0.002,-0.0000
1.754,1.000,24.000,0.002,-0.0000
1.789,1.000,24.000,0.002,-0.0000
1.824,1.000,24.000,0.002,-0.0000
1.859,1.000,24.000,0.002,-0.0000
1.894,1.000,24.000,0.002,-0.0000
1.929,1.000,24.000,0.002,-0.0000
1.964,1.000,24.000,0.002,-0.0000
2.000,1.000,24.000,0.002,-0.0000
2.036,1.000,24.000,0.002,-0.0000
2.070,1.000,24.000,0.002,-0.0000
2.106,1.000,24.000,0.002,-0.0000
2.142,1.000,24.000,0.002,-0.0000
2.177,1.000,24.000,0.002,-0.0000
2.213,1.000,24.000,0.002,-0.0000
2.249,1.000,24.000,0.002,-0.0000
2.284,1.000,24.000,0.002,-0.0000
2.318,1.000,24.000,0.002,-0.0000
2.354,1.000,24.000,0.002,-0.0000
2.389,1.000,24.000,0.002,-0.0000
2.424,1.000,24.000,0.002,-0.0000
2.459,1.000,24.000,0.002,-0.0000
2.494,1.000,24.000,0.002,-0.0000
2.529,1.000,24.000,0.002,-0.0000
2.564,1.000,24.000,0.002,-0.0000
2.599,1.000,24.000,0.002,-0.0000
2.635,1.000,24.000,0.002,-0.0000
2.669,1.000,24.000,0.002,-0.0000
2.704,1.000,24.000,0.002,-0.0000
2.740,1.000,24.000,0.002,-0.0000
2.775,1.000,24.000,0.002,-0.0000
2.810,1.000,24.000,0.002,-0.0000
2.845,1.000,24.000,0.002,-0.0000
2.880,1.000,24.000,0.002,-0.0000
2.914,1.000,24.000,0.002,-0.0000
2.949,1.000,24.000,0.002,-0.0000
2.985,1.000,24.000,0.002,-0.0000
3.019,1.000,24.000,0.002,-0.0000
3.054,1.000,24.000,0.002,-0.0000
3.090,1.000,24.000,0.002,-0.0000
3.124,1.000,24.000,0.002,-0.0000
3.159,1.000,24.000,0.002,-0.0000
3.194,1.000,24.000,0.002,-0.0000
3.229,1.000,24.000,0.002,-0.0000
3.264,1.000,24.000,0.002,-0.0000
3.299,1.000,24.000,0.002,-0.0000
3.334,1.000,24.000,0.002,-0.0000
3.369,1.000,24.000,0.002,-0.0000
3.404,1.000,24.000,0.002,-0.0000
3.439,1.000,24.000,0.002,-0.0000
3.475,1.000,24.000,0.002,-0.0000
3.509,1.000,24.000,0.002,-0.0000
3.545,1.000,24.000,0.002,-0.0000
3.580,1.000,24.000,0.002,-0.0000
3.615,1.000,24.000,0.002,-0.0000
3.650,1.000,24.000,0.002,-0.0000
3.685,1.000,24.000,0.002,-0.0000
3.720,1.000,24.000,0.002,-0.0000
3.755,1.000,24.000,0.002,-0.0000
3.790,1.000,24.000,0.002,-0.0000
3.826,1.000,24.000,0.002,-0.0000
3.860,1.000,24.000,0.002,-0.0000
3.896,1.000,24.000,0.002,-0.0000
3.930,1.000,24.000,0.002,-0.0000
3.965,1.000,24.000,0.002,-0.0000
4.000,1.000,24.000,0.002,-0.0000
4.035,1.000,24.000,0.002,-0.0000
4.071,1.000,24.000,0.002,-0.0000
4.105,1.000,24.000,0.002,-0.0000
4.141,1.000,24.000,0.002,-0.0000
4.176,1.000,24.000,0.002,-0.0000
4.211,1.000,24.000,0.002,-0.0000
4.246,1.000,24.000,0.002,-0.0000
4.281,1.000,24.000,0.002,-0.0000
4.316,1.000,24.000,0.002,-0.0000
4.351,1.000,24.000,0.002,-0.0000
4.386,1.000,24.000,0.002,-0.0000
4.421,1.000,24.000,0.002,-0.0000
4.456,1.000,24.000,0.002,-0.0000
4.491,1.000,24.000,0.002,-0.0000
4.526,1.000,24.000,0.002,-0.0000
4.560,1.000,24.000,0.002,-0.0000
4.595,1.000,24.000,0.002,-0.0000
4.630,1.000,24.000,0.002,-0.0000
4.665,1.000,24.000,0.002,-0.0000
4.700,1.000,24.000,0.002,-0.0000
4.735,1.000,24.000,0.002,-0.0000
4.770,1.000,24.000,0.002,-0.0000
4.804,1.000,24.000,0.002,-0.0000
4.839,1.000,24.000,0.002,-0.0000
4.874,1.000,24.000,0.002,-0.0000
4.909,1.000,24.000,0.002,-0.0000
4.944,1.000,24.000,0.002,-0.0000
4.978,1.000,24.000,0.002,-0.0000
5.014,1.000,24.000,0.002,-0.0000
5.049,1.000,24.000,0.002,-0.0000
5.084,1.000,24.000,0.002,-0.0000
5.119,1.000,24.000,0.002,-0.0000
5.154,1.000,24.000,0.002,-0.0000
5.189,1.000,24.000,0.002,-0.0000
5.224,1.000,24.000,0.002,-0.0000
5.259,1.000,24.000,0.002,-0.0000
5.294,1.000,24.000,0.002,-0.0000
5.329,1.000,24.000,0.002,-0.0000
5.364,1.000,24.000,0.002,-0.0000
5.399,1.000,24.000,0.002,-0.0000
5.434,1.000,24.000,0.002,-0.0000
5.469,1.000,24.000,0.002,-0.0000
5.504,1.000,24.000,0.002,-0.0000
5.540,1.000,24.000,0.002,-0.0000
5.576,1.000,24.000,0.002,-0.0000
5.611,1.000,24.000,0.002,-0.0000
5.647,1.000,24.000,0.002,-0.0000
5.684,1.000,24.000,0.002,-0.0000
5.719,1.000,24.000,0.002,-0.0000
5.755,1.000,24.000,0.002,-0.0000
5.790,1.000,24.000,0.002,-0.0000
5.825,1.000,24.000,0.002,-0.0000
5.860,1.000,24.000,0.002,-0.0000
5.896,1.000,24.000,0.002,-0.0000
5.931,1.000,24.000,0.002,-0.0000
5.966,1.000,24.000,0.002,-0.0000
6.000,1.000,24.000,0.002,-0.0000
6.036,1.000,24.000,0.002,-0.0000
6.070,1.000,24.000,0.002,-0.0000
6.106,1.000,24.000,0.002,-0.0000
6.141,1.000,24.000,0.002,-0.0000
6.176,1.000,24.000,0.002,-0.0000
6.211,1.000,24.000,0.002,-0.0000
6.246,1.000,24.000,0.002,-0.0000
6.281,1.000,24.000,0.002,-0.0000
6.317,1.000,24.000,0.002,-0.0000
6.352,1.000,24.000,0.002,-0.0000
6.388,1.000,24.000,0.002,-0.0000
6.423,1.000,24.000,0.002,-0.0000
6.458,1.000,24.000,0.002,-0.0000
6.493,1.000,24.000,0.002,-0.0000
6.529,1.000,24.000,0.002,-0.0000
6.564,1.000,24.000,0.002,-0.0000
6.599,1.000,24.000,0.002,-0.0000
6.635,1.000,24.000,0.003,-0.0000
6.670,1.000,24.000,0.003,-0.0001
6.705,1.000,24.000,0.004,-0.0002
6.739,1.000,24.000,0.005,-0.0010
6.775,1.000,24.000,0.007,-0.0013
6.810,1.001,23.999,0.011,0.0016
6.845,1.001,23.999,0.018,-0.0130
6.880,1.002,23.998,0.030,-0.0096
6.915,1.004,23.996,0.049,0.0108
6.950,1.006,23.995,0.073,0.0178
6.985,1.008,23.993,0.102,0.0066
7.019,1.011,23.991,0.133,-0.0034
7.054,1.013,23.989,0.168,0.0067
7.089,1.016,23.986,0.204,0.0242
7.124,1.020,23.984,0.243,0.0241
7.159,1.023,23.981,0.284,0.0100
7.194,1.026,23.978,0.326,0.0079
7.229,1.030,23.976,0.371,0.0237
7.264,1.034,23.973,0.417,0.0350
7.298,1.037,23.970,0.465,0.0291
7.333,1.041,23.967,0.515,0.0152
7.369,1.045,23.964,0.567,0.0192
7.404,1.049,23.961,0.621,0.0363
7.439,1.052,23.957,0.677,0.0405
7.474,1.056,23.954,0.734,0.0283
7.509,1.060,23.951,0.792,0.0185
7.544,1.064,23.948,0.850,0.0261
7.578,1.067,23.945,0.907,0.0389
7.613,1.071,23.942,0.962,0.0364
7.648,1.074,23.940,1.017,0.0227
7.683,1.078,23.937,1.069,0.0134
7.718,1.081,23.934,1.120,0.0191
7.753,1.085,23.931,1.168,0.0260
7.787,1.088,23.928,1.215,0.0185
7.822,1.091,23.926,1.261,0.0005
7.857,1.095,23.923,1.304,-0.0069
7.892,1.098,23.921,1.346,-0.0001
7.927,1.101,23.918,1.386,0.0047
7.962,1.103,23.916,1.425,-0.0067
7.997,1.106,23.914,1.462,-0.0228
8.032,1.109,23.912,1.498,-0.0234
8.067,1.111,23.910,1.532,-0.0128
8.102,1.114,23.908,1.565,-0.0125
8.137,1.116,23.906,1.597,-0.0272
8.172,1.118,23.904,1.627,-0.0377
8.206,1.120,23.903,1.656,-0.0320
8.241,1.122,23.901,1.684,-0.0208
8.276,1.124,23.899,1.711,-0.0253
8.311,1.126,23.898,1.737,-0.0408
8.346,1.128,23.897,1.762,-0.0447
8.381,1.129,23.896,1.786,-0.0341
8.416,1.131,23.894,1.809,-0.0256
8.451,1.132,23.893,1.831,-0.0343
8.486,1.133,23.892,1.852,-0.0478
8.521,1.134,23.891,1.873,-0.0453
8.559,1.135,23.891,1.893,-0.0314
8.593,1.136,23.890,1.912,-0.0283
8.629,1.137,23.889,1.930,-0.0409
8.664,1.138,23.889,1.947,-0.0492
8.699,1.138,23.888,1.964,-0.0409
8.737,1.139,23.888,1.981,-0.0274
8.772,1.139,23.888,1.996,-0.0298
8.807,1.140,23.888,2.011,-0.0439
8.843,1.140,23.887,2.026,-0.0462
8.878,1.140,23.887,2.040,-0.0338
8.912,1.140,23.887,2.053,-0.0237
8.948,1.140,23.888,2.066,-0.0311
8.982,1.140,23.888,2.079,-0.0436
9.018,1.140,23.888,2.091,-0.0400
9.052,1.140,23.888,2.103,-0.0249
9.087,1.140,23.889,2.114,-0.0208
9.122,1.140,23.889,2.125,-0.0327
9.157,1.139,23.890,2.135,-0.0405
9.193,1.139,23.891,2.146,-0.0330
9.228,1.139,23.891,2.155,-0.0189
9.264,1.138,23.892,2.165,-0.0210
9.299,1.138,23.893,2.174,-0.0348
9.337,1.137,23.894,2.183,-0.0379
9.372,1.137,23.894,2.191,-0.0259
9.407,1.136,23.895,2.199,-0.0154
9.443,1.135,23.896,2.207,-0.0227
9.478,1.135,23.897,2.215,-0.0329
9.513,1.134,23.898,2.222,-0.0301
9.548,1.133,23.899,2.230,-0.0149
9.583,1.133,23.900,2.237,-0.0108
9.618,1.132,23.901,2.243,-0.0229
9.652,1.131,23.903,2.250,-0.0309
9.688,1.130,23.904,2.256,-0.0220
9.723,1.129,23.905,2.262,-0.0077
9.757,1.129,23.906,2.268,-0.0097
9.793,1.128,23.907,2.274,-0.0237
9.827,1.127,23.908,2.279,-0.0259
9.862,1.126,23.909,2.285,-0.0130
9.898,1.125,23.911,2.290,-0.0026
9.932,1.125,23.912,2.295,-0.0100
9.967,1.124,23.913,2.300,-0.0227
10.002,1.123,23.914,2.304,-0.0191
10.038,1.122,23.915,2.309,-0.0037
10.073,1.121,23.916,2.313,0.0004
10.107,1.121,23.918,2.318,-0.0117
10.142,1.120,23.919,2.322,-0.0197
10.177,1.119,23.920,2.326,-0.0108
10.211,1.118,23.921,2.330,0.0036
10.246,1.118,23.922,2.333,0.0015
10.281,1.117,23.923,2.337,-0.0125
10.316,1.116,23.924,2.341,-0.0148
10.351,1.116,23.925,2.344,-0.0019
10.386,1.115,23.926,2.347,0.0086
10.421,1.114,23.926,2.350,0.0011
10.456,1.114,23.927,2.354,-0.0116
10.490,1.113,23.928,2.357,-0.0081
10.525,1.112,23.929,2.360,0.0073
10.561,1.112,23.930,2.362,0.0114
10.596,1.111,23.930,2.365,-0.0008
10.631,1.110,23.931,2.368,-0.0089
10.666,1.110,23.932,2.370,0.0000
10.702,1.109,23.932,2.373,0.0144
10.739,1.109,23.933,2.375,0.0122
10.775,1.108,23.933,2.378,-0.0019
10.811,1.108,23.934,2.380,-0.0042
10.845,1.107,23.934,2.382,0.0086
10.880,1.107,23.935,2.384,0.0190
10.915,1.106,23.935,2.386,0.0115
10.950,1.106,23.936,2.388,-0.0014
10.985,1.105,23.936,2.390,0.0021
11.020,1.105,23.936,2.392,0.0175
11.055,1.104,23.937,2.394,0.0215
11.090,1.104,23.937,2.396,0.0092
11.125,1.103,23.937,2.398,0.0010
11.160,1.103,23.938,2.399,0.0099
11.195,1.103,23.938,2.401,0.0242
11.230,1.102,23.938,2.402,0.0220
11.265,1.102,23.938,2.404,0.0078
11.300,1.102,23.938,2.406,0.0054
11.335,1.101,23.938,2.407,0.0181
11.370,1.101,23.938,2.409,0.0285
11.404,1.101,23.938,2.410,0.0208
11.439,1.100,23.938,2.411,0.0079
11.474,1.100,23.938,2.413,0.0133
11.509,1.100,23.938,2.414,0.0270
11.544,1.100,23.938,2.416,0.0337
11.579,1.102,23.938,2.418,0.0244
11.614,1.106,23.938,2.421,0.0206
11.655,1.112,23.938,2.423,0.0316
11.690,1.120,23.938,2.425,0.0537
11.725,1.132,23.938,2.428,0.0631
11.761,1.146,23.938,2.429,0.0586
11.797,1.162,23.937,2.431,0.0534
11.832,1.182,23.937,2.432,0.0692
11.868,1.204,23.937,2.433,0.0927
11.903,1.228,23.936,2.434,0.0986
11.938,1.255,23.935,2.435,0.0915
11.973,1.285,23.935,2.436,0.0931
12.008,1.316,23.934,2.437,0.1122
12.043,1.349,23.933,2.438,0.1309
12.078,1.384,23.933,2.438,0.1317
12.113,1.421,23.932,2.439,0.1306
12.148,1.460,23.931,2.440,0.1360
12.182,1.500,23.930,2.441,0.1532
12.218,1.541,23.929,2.441,0.1678
12.253,1.584,23.928,2.442,0.1631
12.288,1.629,23.927,2.443,0.1521
12.323,1.674,23.926,2.444,0.1582
12.358,1.721,23.925,2.444,0.1761
12.393,1.769,23.924,2.445,0.1820
12.428,1.817,23.922,2.445,0.1721
12.463,1.867,23.921,2.446,0.1662
12.498,1.918,23.920,2.446,0.1777
12.533,1.969,23.919,2.447,0.1942
12.568,2.021,23.918,2.447,0.1937
12.603,2.074,23.916,2.447,0.1819
12.638,2.128,23.915,2.448,0.1819
12.672,2.183,23.914,2.448,0.1972
12.708,2.238,23.912,2.448,0.2096
12.743,2.293,23.911,2.448,0.2039
12.778,2.349,23.910,2.448,0.1999
12.813,2.406,23.908,2.448,0.2045
12.849,2.463,23.907,2.448,0.2246
12.884,2.521,23.906,2.448,0.2446
12.923,2.579,23.904,2.448,0.2417
12.959,2.637,23.903,2.448,0.2292
12.994,2.696,23.901,2.448,0.2304
13.030,2.755,23.900,2.448,0.2462
13.067,2.814,23.898,2.448,0.2605
13.102,2.874,23.897,2.448,0.2558
13.138,2.934,23.895,2.448,0.2450
13.174,2.995,23.894,2.448,0.2513
13.209,3.055,23.892,2.447,0.2693
13.244,3.116,23.891,2.447,0.2755
13.279,3.177,23.889,2.446,0.2659
13.315,3.238,23.888,2.446,0.2606
13.352,3.300,23.886,2.446,0.2725
13.387,3.362,23.885,2.445,0.2895
13.423,3.424,23.883,2.445,0.2896
13.458,3.486,23.881,2.444,0.2783
13.494,3.548,23.880,2.444,0.2791
13.529,3.610,23.878,2.443,0.2949
13.564,3.673,23.877,2.442,0.3079
13.599,3.735,23.875,2.442,0.3028
13.633,3.798,23.873,2.441,0.2932
13.668,3.861,23.872,2.440,0.3001
13.703,3.924,23.870,2.440,0.3183
13.738,3.987,23.869,2.439,0.3252
13.773,4.050,23.867,2.438,0.3157
13.807,4.114,23.865,2.438,0.3084
13.843,4.177,23.864,2.437,0.3193
13.878,4.240,23.862,2.437,0.3413
13.913,4.304,23.860,2.436,0.3521
13.947,4.368,23.859,2.435,0.3484
13.982,4.431,23.857,2.434,0.3477
14.017,4.495,23.855,2.434,0.3651
14.053,4.559,23.854,2.433,0.3872
14.087,4.623,23.852,2.432,0.3931
14.122,4.687,23.850,2.431,0.3875
14.157,4.751,23.849,2.430,0.3931
14.192,4.815,23.847,2.429,0.4153
14.227,4.879,23.845,2.428,0.4365
14.262,4.943,23.843,2.428,0.4383
14.297,5.007,23.842,2.427,0.4302
14.332,5.071,23.840,2.426,0.4333
14.367,5.136,23.838,2.425,0.4500
14.402,5.200,23.837,2.425,0.4670
14.437,5.264,23.835,2.424,0.4626
14.472,5.328,23.833,2.423,0.4523
14.507,5.393,23.831,2.422,0.4585
14.542,5.457,23.830,2.421,0.4765
14.576,5.522,23.828,2.420,0.4832
14.611,5.586,23.826,2.419,0.4733
14.646,5.650,23.824,2.418,0.4681
14.681,5.715,23.823,2.418,0.4799
14.716,5.779,23.821,2.417,0.4965
14.751,5.844,23.819,2.416,0.4968
14.786,5.909,23.817,2.415,0.4850
14.821,5.973,23.816,2.415,0.4856
14.858,6.038,23.814,2.414,0.5018
14.893,6.102,23.812,2.413,0.5209
14.928,6.167,23.810,2.413,0.5227
14.962,6.232,23.809,2.412,0.5142
14.997,6.296,23.807,2.411,0.5190
15.032,6.361,23.805,2.411,0.5405
15.070,6.426,23.804,2.410,0.5578
15.106,6.490,23.802,2.409,0.5654
15.142,6.555,23.800,2.409,0.5530
15.177,6.620,23.799,2.408,0.5539
15.211,6.685,23.797,2.408,0.5697
15.246,6.749,23.795,2.407,0.5825
15.281,6.814,23.794,2.407,0.5772
15.316,6.879,23.792,2.406,0.5670
15.353,6.943,23.790,2.406,0.5732
15.389,7.008,23.789,2.405,0.5907
15.424,7.073,23.787,2.405,0.6017
15.459,7.137,23.786,2.404,0.5927
15.494,7.202,23.784,2.403,0.5904
15.530,7.267,23.782,2.403,0.5977
15.565,7.331,23.781,2.402,0.6199
15.600,7.396,23.779,2.402,0.6272
15.635,7.460,23.778,2.401,0.6233
15.670,7.525,23.776,2.400,0.6201
15.705,7.589,23.774,2.400,0.6367
15.740,7.653,23.773,2.399,0.6583
15.775,7.718,23.771,2.399,0.6633
15.810,7.782,23.770,2.398,0.6566
15.845,7.846,23.768,2.398,0.6612
15.880,7.910,23.767,2.397,0.6824
15.915,7.975,23.765,2.397,0.6985
15.950,8.039,23.764,2.397,0.6976
15.985,8.103,23.762,2.397,0.6918
16.020,8.166,23.761,2.396,0.7023
16.055,8.230,23.759,2.396,0.7248
16.090,8.294,23.758,2.396,0.7346
16.125,8.358,23.756,2.396,0.7294
16.160,8.422,23.755,2.395,0.7273
16.195,8.485,23.753,2.395,0.7427
16.231,8.549,23.752,2.395,0.7632
16.266,8.612,23.750,2.395,0.7682
16.301,8.676,23.749,2.395,0.7602
16.336,8.739,23.747,2.394,0.7640
16.371,8.803,23.746,2.394,0.7835
16.406,8.866,23.744,2.394,0.7985
16.441,8.929,23.743,2.393,0.7961
16.476,8.993,23.742,2.393,0.7887
16.511,9.056,23.740,2.393,0.7981
16.547,9.119,23.739,2.393,0.8187
16.582,9.182,23.737,2.392,0.8271
16.617,9.245,23.736,2.392,0.8204
16.652,9.308,23.734,2.392,0.8165
16.686,9.371,23.733,2.391,0.8307
16.721,9.434,23.731,2.391,0.8491
16.756,9.497,23.730,2.391,0.8510
16.791,9.560,23.728,2.390,0.8415
16.825,9.622,23.727,2.390,0.8433
16.860,9.685,23.726,2.390,0.8616
16.895,9.748,23.724,2.390,0.8745
16.931,9.810,23.723,2.389,0.8705
16.966,9.873,23.721,2.389,0.8616
17.001,9.936,23.720,2.389,0.8690
17.036,9.998,23.719,2.388,0.8899
17.070,10.061,23.717,2.388,0.8965
17.105,10.123,23.716,2.388,0.8882
17.140,10.185,23.714,2.387,0.8866
17.175,10.248,23.713,2.387,0.8924
17.210,10.310,23.712,2.387,0.9065
17.246,10.372,23.710,2.386,0.9087
17.282,10.435,23.709,2.386,0.9013
17.319,10.497,23.708,2.386,0.8941
17.355,10.559,23.707,2.386,0.8944
17.390,10.621,23.705,2.386,0.9050
17.425,10.683,23.704,2.385,0.9151
17.460,10.745,23.703,2.385,0.9163
17.496,10.807,23.701,2.384,0.9048
17.531,10.869,23.700,2.384,0.9045
17.567,10.931,23.699,2.383,0.9209
17.602,10.993,23.698,2.383,0.9321
17.638,11.055,23.696,2.383,0.9250
17.674,11.117,23.695,2.382,0.9143
17.709,11.179,23.694,2.382,0.9199
17.750,11.241,23.693,2.382,0.9377
17.784,11.303,23.692,2.382,0.9444
17.820,11.365,23.691,2.381,0.9345
17.855,11.426,23.689,2.381,0.9277
17.889,11.488,23.688,2.381,0.9384
17.925,11.550,23.687,2.381,0.9543
17.960,11.612,23.686,2.381,0.9531
17.995,11.673,23.685,2.381,0.9405
18.030,11.735,23.684,2.380,0.9346
18.065,11.797,23.683,2.380,0.9477
18.100,11.858,23.682,2.380,0.9595
18.135,11.920,23.681,2.380,0.9542
18.170,11.982,23.680,2.379,0.9424
18.205,12.043,23.679,2.379,0.9476
18.240,12.105,23.679,2.379,0.9643
18.274,12.167,23.678,2.379,0.9688
18.309,12.228,23.677,2.379,0.9582
18.345,12.290,23.676,2.379,0.9503
18.379,12.352,23.675,2.379,0.9606
18.414,12.413,23.674,2.379,0.9752
18.449,12.475,23.674,2.379,0.9734
18.484,12.536,23.673,2.379,0.9602
18.519,12.598,23.672,2.379,0.9582
18.554,12.659,23.672,2.379,0.9728
18.589,12.721,23.671,2.379,0.9821
18.624,12.782,23.670,2.379,0.9745
18.658,12.844,23.670,2.379,0.9621
18.693,12.905,23.669,2.379,0.9660
18.728,12.967,23.668,2.379,0.9819
18.763,13.028,23.668,2.379,0.9849
18.798,13.090,23.667,2.379,0.9731
18.833,13.151,23.667,2.379,0.9644
18.868,13.213,23.666,2.379,0.9732
18.902,13.274,23.666,2.379,0.9871
18.937,13.336,23.666,2.378,0.9840
18.972,13.397,23.665,2.378,0.9756
19.007,13.459,23.665,2.378,0.9674
19.042,13.520,23.664,2.378,0.9733
19.077,13.581,23.664,2.378,0.9817
19.112,13.643,23.664,2.378,0.9742
19.147,13.704,23.664,2.378,0.9545
19.182,13.766,23.663,2.378,0.9466
19.216,13.827,23.663,2.378,0.9538
19.252,13.889,23.663,2.377,0.9579
19.286,13.950,23.663,2.377,0.9446
19.321,14.011,23.663,2.376,0.9288
19.356,14.073,23.662,2.376,0.9256
19.391,14.134,23.662,2.376,0.9351
19.428,14.195,23.662,2.375,0.9351
19.463,14.257,23.662,2.375,0.9173
19.498,14.318,23.662,2.375,0.9027
19.535,14.379,23.662,2.374,0.9060
19.569,14.441,23.662,2.374,0.9162
19.605,14.502,23.662,2.374,0.9082
19.640,14.563,23.662,2.373,0.8886
19.677,14.624,23.663,2.373,0.8807
19.712,14.686,23.663,2.373,0.8884
19.748,14.747,23.663,2.372,0.8932
19.783,14.808,23.663,2.372,0.8801
19.819,14.869,23.663,2.372,0.8624
19.853,14.931,23.664,2.372,0.8611
19.891,14.992,23.664,2.371,0.8714
19.925,15.053,23.664,2.371,0.8751
19.961,15.114,23.665,2.371,0.8590
19.996,15.175,23.665,2.370,0.8449
20.032,15.237,23.665,2.370,0.8485
20.066,15.298,23.666,2.370,0.8581
20.101,15.359,23.666,2.369,0.8512
20.136,15.420,23.667,2.369,0.8323
20.170,15.481,23.667,2.369,0.8260
20.205,15.543,23.668,2.369,0.8347
20.240,15.604,23.669,2.368,0.8405
20.275,15.665,23.669,2.368,0.8288
20.310,15.726,23.670,2.368,0.8118
20.345,15.787,23.671,2.368,0.8118
20.380,15.849,23.671,2.368,0.8233
20.414,15.910,23.672,2.367,0.8231
20.449,15.971,23.673,2.367,0.8073
20.485,16.032,23.674,2.367,0.7957
20.519,16.093,23.675,2.367,0.8015
20.554,16.154,23.676,2.367,0.8123
20.589,16.216,23.677,2.366,0.8064
20.624,16.277,23.678,2.366,0.7953
20.659,16.338,23.679,2.366,0.7883
20.694,16.399,23.680,2.366,0.7977
20.729,16.460,23.681,2.365,0.8059
20.764,16.522,23.682,2.365,0.7950
20.800,16.583,23.683,2.365,0.7793
20.834,16.644,23.684,2.364,0.7801
20.869,16.705,23.685,2.364,0.7927
20.904,16.767,23.686,2.364,0.7939
20.939,16.828,23.688,2.363,0.7787
20.974,16.889,23.689,2.363,0.7686
21.009,16.950,23.690,2.363,0.7753
21.044,17.011,23.691,2.363,0.7871
21.078,17.073,23.693,2.362,0.7826
21.114,17.134,23.694,2.362,0.7661
21.149,17.195,23.696,2.362,0.7621
21.184,17.256,23.697,2.362,0.7732
21.219,17.318,23.698,2.361,0.7813
21.254,17.379,23.700,2.361,0.7719
21.289,17.440,23.701,2.361,0.7573
21.324,17.501,23.703,2.360,0.7596
21.359,17.562,23.704,2.360,0.7734
21.394,17.624,23.706,2.360,0.7755
21.429,17.685,23.707,2.359,0.7617
21.467,17.746,23.709,2.359,0.7524
21.502,17.807,23.711,2.359,0.7593
21.537,17.869,23.712,2.359,0.7779
21.573,17.930,23.714,2.358,0.7846
21.608,17.991,23.716,2.358,0.7765
21.643,18.052,23.718,2.358,0.7717
21.678,18.113,23.719,2.357,0.7844
21.713,18.174,23.721,2.357,0.8000
21.748,18.236,23.723,2.356,0.8026
21.783,18.297,23.725,2.356,0.7926
21.818,18.358,23.726,2.356,0.7942
21.853,18.419,23.728,2.355,0.8117
21.887,18.480,23.730,2.355,0.8250
21.923,18.542,23.732,2.355,0.8210
21.957,18.603,23.734,2.354,0.8120
21.993,18.664,23.736,2.354,0.8198
22.027,18.725,23.738,2.354,0.8389
22.063,18.786,23.740,2.354,0.8461
22.098,18.848,23.742,2.353,0.8380
22.132,18.909,23.744,2.353,0.8286
22.167,18.970,23.746,2.353,0.8396
22.202,19.031,23.748,2.352,0.8580
22.236,19.093,23.750,2.352,0.8602
22.272,19.154,23.752,2.352,0.8499
22.307,19.215,23.754,2.351,0.8508
22.341,19.277,23.756,2.351,0.8683
22.376,19.338,23.758,2.351,0.8806
22.411,19.399,23.760,2.351,0.8760
22.446,19.461,23.762,2.351,0.8664
22.480,19.522,23.764,2.350,0.8732
22.515,19.583,23.766,2.350,0.8920
22.550,19.645,23.768,2.350,0.8980
22.585,19.706,23.770,2.350,0.8891
22.620,19.768,23.773,2.350,0.8833
22.655,19.829,23.775,2.350,0.8949
22.690,19.891,23.777,2.350,0.9117
22.725,19.952,23.779,2.350,0.9114
22.760,20.014,23.781,2.349,0.8997
22.795,20.075,23.783,2.349,0.8998
22.830,20.137,23.785,2.349,0.9157
22.865,20.198,23.787,2.349,0.9269
22.901,20.260,23.789,2.349,0.9209
22.937,20.321,23.791,2.349,0.9100
22.972,20.383,23.794,2.349,0.9112
23.012,20.444,23.796,2.349,0.9278
23.048,20.506,23.798,2.349,0.9345
23.084,20.567,23.800,2.349,0.9324
23.121,20.629,23.802,2.349,0.9182
23.160,20.691,23.804,2.348,0.9181
23.196,20.752,23.806,2.348,0.9333
23.235,20.814,23.808,2.348,0.9436
23.273,20.875,23.810,2.348,0.9372
23.310,20.937,23.812,2.348,0.9262
23.345,20.999,23.814,2.347,0.9200
23.382,21.060,23.816,2.347,0.9294
23.418,21.122,23.818,2.347,0.9359
23.452,21.184,23.820,2.347,0.9243
23.488,21.245,23.822,2.347,0.9077
23.525,21.307,23.824,2.347,0.9103
23.560,21.368,23.826,2.346,0.9219
23.598,21.430,23.828,2.346,0.9227
23.635,21.492,23.829,2.346,0.9059
23.670,21.553,23.831,2.346,0.8934
23.705,21.615,23.833,2.346,0.8982
23.741,21.677,23.835,2.346,0.9082
23.778,21.738,23.837,2.346,0.9012
23.813,21.800,23.839,2.346,0.8827
23.849,21.862,23.840,2.346,0.8766
23.884,21.923,23.842,2.346,0.8857
23.919,21.985,23.844,2.346,0.8917
23.954,22.046,23.846,2.347,0.8802
23.992,22.108,23.847,2.347,0.8635
24.027,22.170,23.849,2.347,0.8620
24.062,22.231,23.851,2.347,0.8736
24.097,22.293,23.853,2.347,0.8735
24.132,22.354,23.854,2.347,0.8577
24.167,22.416,23.856,2.347,0.8462
24.203,22.477,23.858,2.348,0.8520
24.240,22.539,23.860,2.348,0.8629
24.275,22.601,23.861,2.348,0.8571
24.311,22.662,23.863,2.348,0.8400
24.347,22.724,23.865,2.348,0.8348
24.382,22.785,23.866,2.348,0.8449
24.417,22.847,23.868,2.349,0.8521
24.452,22.908,23.870,2.349,0.8414
24.487,22.970,23.872,2.349,0.8262
24.523,23.031,23.873,2.349,0.8274
24.558,23.092,23.875,2.349,0.8401
24.595,23.154,23.877,2.349,0.8415
24.630,23.215,23.878,2.349,0.8266
24.665,23.277,23.880,2.350,0.8167
24.701,23.338,23.881,2.350,0.8237
24.736,23.400,23.883,2.350,0.8356
24.771,23.461,23.885,2.350,0.8314
24.806,23.522,23.886,2.350,0.8151
24.841,23.584,23.888,2.350,0.8114
24.876,23.645,23.889,2.350,0.8228
24.911,23.706,23.891,2.350,0.8311
24.945,23.768,23.893,2.351,0.8219
24.980,23.829,23.894,2.351,0.8076
25.014,23.891,23.896,2.351,0.8101
25.050,23.952,23.897,2.351,0.8242
25.084,24.013,23.899,2.351,0.8266
25.119,24.074,23.900,2.351,0.8132
25.154,24.136,23.902,2.351,0.8042
25.189,24.197,23.904,2.351,0.8125
25.223,24.258,23.905,2.351,0.8258
25.258,24.320,23.907,2.351,0.8224
25.293,24.381,23.908,2.351,0.8076
25.327,24.442,23.910,2.351,0.8049
25.363,24.504,23.911,2.351,0.8174
25.398,24.565,23.913,2.351,0.8270
25.432,24.626,23.914,2.351,0.8187
25.467,24.688,23.916,2.351,0.8058
25.503,24.749,23.917,2.351,0.8093
25.538,24.810,23.919,2.351,0.8244
25.573,24.871,23.920,2.351,0.8281
25.608,24.933,23.922,2.351,0.8155
25.644,24.994,23.923,2.351,0.8078
25.680,25.055,23.925,2.351,0.8195
25.715,25.117,23.926,2.351,0.8352
25.752,25.178,23.928,2.351,0.8341
25.786,25.239,23.929,2.350,0.8194
25.821,25.301,23.931,2.350,0.8172
25.856,25.362,23.932,2.350,0.8304
25.891,25.423,23.934,2.350,0.8408
25.926,25.484,23.935,2.350,0.8336
25.962,25.546,23.937,2.350,0.8211
25.997,25.607,23.938,2.350,0.8256
26.032,25.668,23.940,2.350,0.8342
26.068,25.730,23.941,2.350,0.8456
26.104,25.791,23.943,2.350,0.8434
26.138,25.852,23.944,2.350,0.8365
26.174,25.914,23.946,2.350,0.8456
26.209,25.975,23.947,2.350,0.8669
26.244,26.036,23.949,2.349,0.8761
26.280,26.097,23.950,2.349,0.8702
26.315,26.159,23.952,2.349,0.8674
26.351,26.220,23.953,2.349,0.8821
26.387,26.281,23.955,2.349,0.9023
26.422,26.342,23.956,2.349,0.9073
26.458,26.404,23.957,2.349,0.8992
26.497,26.465,23.959,2.349,0.9029
26.536,26.526,23.960,2.348,0.9198
26.571,26.588,23.962,2.349,0.9341
26.607,26.649,23.963,2.349,0.9327
26.644,26.710,23.964,2.349,0.9191
26.679,26.771,23.966,2.349,0.9156
26.715,26.833,23.967,2.349,0.9298
26.750,26.894,23.968,2.349,0.9484
26.786,26.955,23.970,2.349,0.9507
26.822,27.016,23.971,2.349,0.9418
26.860,27.078,23.972,2.349,0.9443
26.895,27.139,23.974,2.349,0.9633
26.932,27.200,23.975,2.349,0.9776
26.966,27.261,23.976,2.349,0.9759
27.001,27.323,23.977,2.349,0.9681
27.036,27.384,23.979,2.349,0.9765
27.072,27.445,23.980,2.349,0.9970
27.107,27.507,23.981,2.349,1.0047
27.142,27.568,23.982,2.349,0.9975
27.177,27.629,23.983,2.349,0.9934
27.212,27.690,23.984,2.349,1.0067
27.247,27.752,23.985,2.349,1.0252
27.282,27.813,23.986,2.349,1.0266
27.317,27.875,23.987,2.349,1.0166
27.352,27.936,23.988,2.349,1.0183
27.387,27.997,23.989,2.349,1.0358
27.422,28.059,23.990,2.350,1.0487
27.458,28.120,23.991,2.350,1.0444
27.492,28.181,23.992,2.350,1.0351
27.527,28.243,23.993,2.350,1.0425
27.562,28.304,23.994,2.350,1.0612
27.597,28.365,23.994,2.350,1.0677
27.632,28.427,23.995,2.350,1.0591
27.667,28.488,23.996,2.350,1.0533
27.701,28.550,23.996,2.350,1.0656
27.736,28.611,23.997,2.350,1.0822
27.771,28.672,23.998,2.350,1.0823
27.807,28.734,23.998,2.350,1.0710
27.842,28.795,23.999,2.350,1.0710
27.877,28.857,23.999,2.350,1.0814
27.912,28.918,24.000,2.350,1.0938
27.948,28.980,24.000,2.350,1.0947
27.983,29.041,24.001,2.350,1.0821
28.018,29.103,24.001,2.350,1.0760
28.054,29.164,24.002,2.350,1.0859
28.090,29.225,24.002,2.350,1.0925
28.126,29.287,24.002,2.350,1.0902
28.162,29.348,24.003,2.350,1.0797
28.201,29.410,24.003,2.350,1.0742
28.246,29.471,24.003,2.350,1.0754
28.282,29.533,24.004,2.350,1.0900
28.319,29.594,24.004,2.350,1.0930
28.359,29.656,24.004,2.350,1.0823
28.395,29.717,24.004,2.350,1.0750
28.434,29.779,24.005,2.350,1.0857
28.469,29.840,24.005,2.350,1.1010
28.505,29.902,24.005,2.350,1.0999
28.541,29.963,24.005,2.350,1.0874
28.576,30.025,24.005,2.349,1.0862
28.611,30.086,24.005,2.349,1.1015
28.646,30.148,24.005,2.349,1.1118
28.680,30.209,24.005,2.349,1.1051
28.715,30.271,24.005,2.349,1.0939
28.750,30.332,24.005,2.349,1.0987
28.785,30.394,24.005,2.348,1.1155
28.820,30.456,24.005,2.348,1.1196
28.855,30.517,24.005,2.348,1.1088
28.890,30.579,24.005,2.348,1.1011
28.924,30.640,24.005,2.348,1.1109
28.959,30.702,24.005,2.347,1.1258
28.994,30.763,24.005,2.347,1.1238
29.029,30.825,24.005,2.347,1.1103
29.064,30.886,24.005,2.347,1.1087
29.099,30.948,24.005,2.347,1.1227
29.134,31.009,24.005,2.347,1.1322
29.169,31.071,24.005,2.346,1.1246
29.204,31.132,24.004,2.346,1.1119
29.239,31.194,24.004,2.346,1.1160
29.273,31.255,24.004,2.346,1.1314
29.309,31.317,24.004,2.346,1.1346
29.343,31.379,24.004,2.346,1.1228
29.378,31.440,24.004,2.345,1.1138
29.413,31.502,24.004,2.345,1.1229
29.448,31.563,24.004,2.345,1.1364
29.483,31.625,24.003,2.345,1.1334
29.518,31.686,24.003,2.345,1.1189
29.553,31.748,24.003,2.345,1.1158
29.587,31.809,24.003,2.344,1.1292
29.622,31.871,24.003,2.344,1.1373
29.657,31.932,24.003,2.344,1.1285
29.692,31.994,24.003,2.344,1.1150
29.727,32.055,24.003,2.344,1.1176
29.762,32.117,24.002,2.343,1.1323
29.797,32.179,24.002,2.343,1.1343
29.831,32.240,24.002,2.343,1.1207
29.866,32.302,24.002,2.343,1.1098
29.901,32.363,24.002,2.343,1.1174
29.936,32.425,24.002,2.343,1.1303
29.971,32.486,24.002,2.342,1.1262
30.006,32.548,24.002,2.342,1.1106
30.041,32.609,24.002,2.342,1.1067
30.076,32.671,24.002,2.342,1.1186
30.111,32.732,24.002,2.342,1.1260
30.145,32.793,24.002,2.341,1.1139
30.180,32.855,24.002,2.341,1.0972
30.215,32.916,24.002,2.341,1.0973
30.250,32.978,24.002,2.340,1.1110
30.287,33.039,24.002,2.340,1.1187
30.323,33.101,24.002,2.340,1.1059
30.360,33.162,24.002,2.340,1.0826
30.395,33.224,24.002,2.339,1.0777
30.430,33.285,24.002,2.339,1.0857
30.465,33.346,24.003,2.339,1.0821
30.500,33.408,24.003,2.339,1.0627
30.535,33.469,24.003,2.338,1.0471
30.570,33.531,24.003,2.338,1.0488
30.605,33.592,24.003,2.338,1.0556
30.640,33.653,24.004,2.337,1.0458
30.675,33.715,24.004,2.337,1.0245
30.710,33.776,24.004,2.337,1.0150
30.745,33.838,24.005,2.337,1.0208
30.779,33.899,24.005,2.336,1.0238
30.815,33.960,24.005,2.336,1.0088
30.849,34.022,24.006,2.336,0.9892
30.884,34.083,24.006,2.335,0.9861
30.919,34.144,24.007,2.335,0.9945
30.954,34.206,24.007,2.335,0.9916
30.989,34.267,24.008,2.335,0.9723
31.023,34.328,24.008,2.334,0.9581
31.058,34.390,24.009,2.334,0.9608
31.093,34.451,24.010,2.334,0.9685
31.129,34.512,24.010,2.334,0.9600
31.163,34.573,24.011,2.334,0.9394
31.198,34.635,24.012,2.333,0.9315
31.232,34.696,24.012,2.333,0.9387
31.267,34.757,24.013,2.333,0.9427
31.302,34.818,24.014,2.333,0.9295
31.338,34.880,24.015,2.332,0.9109
31.372,34.941,24.016,2.332,0.9078
31.408,35.002,24.017,2.332,0.9177
31.442,35.063,24.018,2.332,0.9159
31.478,35.125,24.018,2.332,0.8985
31.512,35.186,24.019,2.331,0.8854
31.548,35.247,24.021,2.331,0.8897
31.582,35.308,24.022,2.331,0.8991
31.617,35.369,24.023,2.331,0.8917
31.652,35.431,24.024,2.331,0.8731
31.687,35.492,24.025,2.331,0.8664
31.722,35.553,24.026,2.330,0.8750
31.757,35.614,24.028,2.330,0.8809
31.792,35.675,24.029,2.330,0.8687
31.826,35.736,24.030,2.330,0.8521
31.861,35.798,24.032,2.330,0.8520
31.897,35.859,24.033,2.330,0.8633
31.931,35.920,24.034,2.329,0.8634
31.966,35.981,24.036,2.329,0.8471
32.001,36.042,24.037,2.329,0.8359
32.036,36.103,24.039,2.329,0.8416
32.071,36.164,24.041,2.329,0.8523
32.106,36.226,24.042,2.329,0.8468
32.141,36.287,24.044,2.328,0.8292
32.176,36.348,24.046,2.328,0.8243
32.211,36.409,24.047,2.328,0.8344
32.245,36.470,24.049,2.328,0.8415
32.280,36.532,24.051,2.328,0.8311
32.315,36.593,24.053,2.328,0.8156
32.350,36.654,24.055,2.328,0.8173
32.385,36.715,24.056,2.328,0.8302
32.420,36.776,24.058,2.328,0.8314
32.456,36.838,24.060,2.328,0.8169
32.491,36.899,24.062,2.328,0.8033
32.525,36.960,24.064,2.328,0.8080
32.560,37.022,24.066,2.328,0.8259
32.595,37.083,24.068,2.328,0.8319
32.630,37.144,24.070,2.328,0.8230
32.666,37.205,24.072,2.327,0.8174
32.701,37.267,24.075,2.327,0.8293
32.735,37.328,24.077,2.327,0.8468
32.771,37.389,24.079,2.327,0.8475
32.806,37.451,24.081,2.327,0.8367
32.841,37.512,24.083,2.327,0.8377
32.876,37.573,24.085,2.327,0.8546
32.911,37.635,24.088,2.327,0.8672
32.945,37.696,24.090,2.327,0.8625
32.980,37.757,24.092,2.327,0.8528
33.015,37.819,24.094,2.327,0.8600
33.050,37.880,24.097,2.327,0.8785
33.085,37.941,24.099,2.327,0.8850
33.120,38.003,24.101,2.327,0.8763
33.155,38.064,24.103,2.327,0.8704
33.190,38.125,24.106,2.327,0.8827
33.225,38.187,24.108,2.327,0.8994
33.260,38.248,24.110,2.327,0.8996
33.295,38.310,24.112,2.327,0.8883
33.330,38.371,24.115,2.328,0.8884
33.364,38.432,24.117,2.328,0.9050
33.399,38.494,24.119,2.328,0.9163
33.434,38.555,24.122,2.328,0.9107
33.470,38.616,24.124,2.328,0.9003
33.505,38.678,24.126,2.329,0.8695
33.540,38.739,24.128,2.330,0.8157
33.575,38.799,24.130,2.331,0.7615
33.610,38.858,24.132,2.333,0.6977
33.645,38.914,24.134,2.335,0.6282
33.680,38.968,24.135,2.337,0.5781
33.715,39.019,24.136,2.339,0.5417
33.750,39.066,24.138,2.340,0.4961
33.784,39.111,24.139,2.341,0.4364
33.819,39.153,24.140,2.342,0.3826
33.854,39.191,24.141,2.343,0.3495
33.889,39.226,24.142,2.344,0.3248
33.923,39.258,24.143,2.345,0.2855
33.958,39.287,24.144,2.345,0.2363
33.993,39.313,24.145,2.346,0.2029
34.028,39.336,24.146,2.346,0.1877
34.063,39.357,24.147,2.346,0.1722
34.098,39.375,24.149,2.347,0.1401
34.134,39.390,24.150,2.347,0.1037
34.168,39.403,24.151,2.347,0.0872
34.203,39.413,24.153,2.347,0.0863
34.238,39.421,24.154,2.347,0.0842
34.273,39.428,24.156,2.347,0.0667
34.308,39.432,24.157,2.347,0.0449
34.343,39.434,24.159,2.346,0.0406
34.378,39.434,24.160,2.345,0.0496
34.413,39.433,24.162,2.345,0.0491
34.448,39.430,24.164,2.344,0.0328
34.482,39.426,24.166,2.343,0.0146
34.517,39.419,24.167,2.343,0.0157
34.553,39.412,24.169,2.342,0.0253
34.589,39.403,24.171,2.341,0.0220
34.626,39.393,24.173,2.341,0.0028
34.660,39.382,24.175,2.341,-0.0111
34.695,39.370,24.177,2.341,-0.0075
34.730,39.357,24.179,2.341,0.0019
34.765,39.343,24.181,2.341,-0.0049
34.800,39.329,24.183,2.341,-0.0234
34.835,39.313,24.185,2.341,-0.0292
34.870,39.297,24.187,2.342,-0.0194
34.905,39.281,24.189,2.342,-0.0119
34.940,39.264,24.191,2.342,-0.0221
34.974,39.246,24.193,2.343,-0.0371
35.009,39.228,24.195,2.343,-0.0353
35.044,39.210,24.196,2.344,-0.0214
35.079,39.192,24.198,2.344,-0.0126
35.114,39.173,24.200,2.345,-0.0200
35.149,39.154,24.202,2.345,-0.0286
35.184,39.135,24.204,2.345,-0.0211
35.219,39.116,24.206,2.346,-0.0020
35.253,39.097,24.208,2.346,0.0060
35.288,39.078,24.210,2.347,-0.0019
35.326,39.060,24.211,2.347,-0.0075
35.366,39.041,24.213,2.348,-0.0026
35.406,39.022,24.215,2.348,0.0149
35.444,39.004,24.216,2.349,0.0250
35.483,38.985,24.218,2.350,0.0260
35.519,38.967,24.219,2.351,0.0114
35.554,38.949,24.221,2.352,0.0079
35.590,38.932,24.222,2.353,0.0181
35.627,38.915,24.224,2.354,0.0214
35.663,38.898,24.225,2.355,0.0198
35.697,38.881,24.226,2.356,0.0078
35.733,38.865,24.227,2.356,0.0071
35.768,38.849,24.228,2.357,0.0225
35.803,38.833,24.229,2.358,0.0339
35.838,38.818,24.230,2.359,0.0279
35.873,38.803,24.231,2.360,0.0163
35.908,38.788,24.232,2.361,0.0210
35.943,38.774,24.232,2.361,0.0376
35.978,38.760,24.233,2.362,0.0423
36.012,38.747,24.234,2.363,0.0314
36.047,38.734,24.234,2.364,0.0229
36.082,38.721,24.235,2.365,0.0322
36.118,38.709,24.235,2.366,0.0467
36.153,38.697,24.235,2.367,0.0445
36.188,38.685,24.235,2.367,0.0304
36.223,38.674,24.236,2.368,0.0275
36.257,38.664,24.236,2.369,0.0408
36.293,38.653,24.236,2.370,0.0498
36.328,38.643,24.236,2.371,0.0416
36.363,38.634,24.235,2.372,0.0278
36.398,38.625,24.235,2.373,0.0306
36.434,38.616,24.235,2.374,0.0452
36.470,38.607,24.235,2.375,0.0441
36.504,38.599,24.234,2.376,0.0316
36.540,38.591,24.234,2.376,0.0155
36.576,38.584,24.233,2.377,0.0132
36.611,38.577,24.233,2.378,0.0224
36.646,38.570,24.232,2.379,0.0260
36.682,38.564,24.231,2.379,0.0157
36.717,38.557,24.230,2.380,0.0025
36.752,38.552,24.230,2.381,0.0056
36.788,38.546,24.229,2.381,0.0207
36.822,38.541,24.228,2.382,0.0242
36.858,38.536,24.227,2.383,0.0122
36.893,38.531,24.226,2.383,0.0028
36.928,38.527,24.225,2.384,0.0113
36.963,38.523,24.223,2.385,0.0253
36.998,38.519,24.222,2.385,0.0297
37.034,38.516,24.221,2.386,0.0131
37.070,38.512,24.219,2.387,0.0000
37.105,38.509,24.218,2.388,0.0036
37.140,38.506,24.217,2.389,0.0126
37.175,38.504,24.215,2.389,0.0054
37.210,38.501,24.214,2.390,-0.0135
37.245,38.499,24.212,2.391,-0.0208
37.281,38.497,24.210,2.391,-0.0124
37.315,38.495,24.209,2.392,-0.0061
37.351,38.493,24.207,2.393,-0.0176
37.385,38.491,24.205,2.393,-0.0341
37.420,38.490,24.204,2.394,-0.0339
37.455,38.489,24.202,2.394,-0.0216
37.490,38.487,24.200,2.395,-0.0204
37.525,38.486,24.198,2.396,-0.0354
37.559,38.486,24.196,2.396,-0.0458
37.595,38.485,24.195,2.397,-0.0390
37.630,38.484,24.193,2.397,-0.0249
37.665,38.484,24.191,2.398,-0.0285
37.700,38.484,24.189,2.399,-0.0444
37.734,38.484,24.187,2.399,-0.0484
37.769,38.483,24.185,2.400,-0.0368
37.804,38.484,24.183,2.401,-0.0274
37.839,38.484,24.181,2.401,-0.0360
37.874,38.484,24.180,2.402,-0.0497
37.909,38.484,24.178,2.402,-0.0468
37.944,38.485,24.176,2.403,-0.0320
37.979,38.485,24.174,2.404,-0.0284
38.013,38.486,24.172,2.404,-0.0411
38.048,38.487,24.170,2.405,-0.0495
38.083,38.488,24.168,2.405,-0.0407
38.118,38.488,24.167,2.406,-0.0265
38.153,38.489,24.165,2.407,-0.0288
38.188,38.490,24.163,2.407,-0.0430
38.223,38.491,24.161,2.408,-0.0453
38.258,38.493,24.159,2.408,-0.0324
38.293,38.494,24.158,2.409,-0.0219
38.328,38.495,24.156,2.409,-0.0293
38.363,38.496,24.154,2.410,-0.0420
38.398,38.497,24.153,2.410,-0.0383
38.433,38.499,24.151,2.411,-0.0227
38.467,38.500,24.149,2.411,-0.0184
38.502,38.501,24.148,2.412,-0.0305
38.537,38.503,24.146,2.413,-0.0383
38.571,38.504,24.145,2.413,-0.0292
38.607,38.506,24.143,2.414,-0.0145
38.642,38.507,24.142,2.414,-0.0164
38.676,38.508,24.141,2.415,-0.0302
38.711,38.510,24.139,2.415,-0.0323
38.746,38.511,24.138,2.416,-0.0192
38.781,38.513,24.137,2.416,-0.0085
38.816,38.514,24.135,2.417,-0.0158
38.851,38.516,24.134,2.417,-0.0284
38.886,38.517,24.133,2.418,-0.0246
38.923,38.518,24.132,2.418,-0.0089
38.958,38.520,24.131,2.419,0.0015
38.992,38.521,24.130,2.419,-0.0049
39.027,38.522,24.128,2.419,-0.0122
39.063,38.524,24.127,2.420,-0.0035
39.098,38.525,24.127,2.420,0.0166
39.133,38.526,24.126,2.421,0.0250
39.168,38.528,24.125,2.421,0.0178
39.203,38.529,24.124,2.421,0.0126
39.237,38.530,24.123,2.422,0.0251
39.272,38.531,24.122,2.422,0.0427
39.307,38.532,24.122,2.423,0.0435
39.341,38.533,24.121,2.423,0.0321
39.376,38.534,24.120,2.424,0.0316
39.412,38.535,24.120,2.425,0.0473
39.446,38.536,24.119,2.425,0.0585
39.481,38.537,24.119,2.426,0.0523
39.516,38.538,24.118,2.426,0.0404
39.551,38.539,24.117,2.427,0.0448
39.586,38.540,24.117,2.428,0.0610
39.621,38.541,24.117,2.428,0.0650
39.656,38.542,24.116,2.429,0.0537
39.691,38.542,24.116,2.429,0.0446
39.726,38.543,24.115,2.430,0.0531
39.760,38.544,24.115,2.431,0.0669
39.795,38.544,24.115,2.431,0.0641
39.830,38.545,24.114,2.432,0.0493
39.865,38.545,24.114,2.433,0.0459
39.900,38.546,24.114,2.433,0.0586
39.935,38.546,24.114,2.434,0.0670
39.970,38.547,24.113,2.434,0.0583
40.004,38.547,24.113,2.435,0.0440
40.040,38.548,24.113,2.436,0.0463
40.074,38.548,24.113,2.436,0.0605
40.109,38.548,24.113,2.437,0.0628
40.143,38.548,24.113,2.437,0.0498
40.179,38.549,24.112,2.438,0.0392
40.214,38.549,24.112,2.438,0.0466
40.248,38.549,24.112,2.439,0.0592
40.284,38.549,24.112,2.440,0.0554
40.319,38.549,24.112,2.440,0.0397
40.354,38.549,24.112,2.441,0.0353
40.388,38.549,24.112,2.441,0.0472
40.423,38.549,24.112,2.442,0.0550
40.458,38.549,24.112,2.442,0.0457
40.493,38.549,24.112,2.443,0.0309
40.528,38.549,24.112,2.443,0.0341
40.563,38.548,24.112,2.443,0.0481
40.597,38.548,24.112,2.444,0.0501
40.632,38.548,24.112,2.444,0.0368
40.668,38.548,24.112,2.445,0.0260
40.703,38.548,24.112,2.445,0.0332
40.738,38.547,24.112,2.446,0.0456
40.773,38.547,24.112,2.446,0.0417
40.808,38.547,24.112,2.447,0.0259
40.843,38.546,24.112,2.447,0.0214
40.878,38.546,24.112,2.447,0.0333
40.913,38.546,24.113,2.448,0.0410
40.948,38.545,24.113,2.448,0.0317
40.984,38.545,24.113,2.449,0.0185
41.019,38.545,24.113,2.449,0.0203
41.055,38.544,24.113,2.449,0.0341
41.090,38.544,24.113,2.450,0.0362
41.127,38.544,24.114,2.450,0.0294
41.162,38.544,24.114,2.451,0.0125
41.197,38.543,24.114,2.451,0.0103
41.233,38.543,24.114,2.452,0.0191
41.268,38.543,24.114,2.452,0.0167
41.303,38.542,24.115,2.452,-0.0015
41.337,38.542,24.115,2.453,-0.0158
41.372,38.542,24.115,2.453,-0.0125
41.407,38.542,24.115,2.453,-0.0033
41.443,38.542,24.116,2.453,-0.0104
41.479,38.542,24.116,2.454,-0.0292
41.513,38.541,24.116,2.454,-0.0359
41.550,38.541,24.117,2.454,-0.0265
41.588,38.541,24.117,2.454,-0.0097
41.623,38.541,24.117,2.455,-0.0087
41.659,38.541,24.118,2.455,-0.0206
41.696,38.541,24.118,2.455,-0.0214
41.732,38.541,24.118,2.456,-0.0047
41.767,38.541,24.119,2.456,0.0073
41.803,38.542,24.119,2.456,0.0017
41.838,38.542,24.119,2.456,-0.0115
41.873,38.542,24.120,2.457,-0.0069
41.909,38.542,24.120,2.457,0.0101
41.947,38.542,24.120,2.457,0.0153
41.981,38.542,24.121,2.458,0.0049
42.017,38.543,24.121,2.458,-0.0034
42.053,38.543,24.121,2.459,-0.0017
42.089,38.543,24.122,2.459,0.0094
42.125,38.544,24.122,2.459,0.0162
42.160,38.544,24.122,2.460,0.0077
42.196,38.545,24.123,2.460,-0.0051
42.231,38.545,24.123,2.460,-0.0013
42.266,38.546,24.123,2.461,0.0143
42.302,38.546,24.123,2.461,0.0181
42.336,38.547,24.124,2.461,0.0067
42.371,38.547,24.124,2.462,-0.0025
42.406,38.548,24.124,2.462,0.0063
42.441,38.548,24.124,2.462,0.0203
42.476,38.549,24.125,2.463,0.0179
42.511,38.550,24.125,2.463,0.0035
42.546,38.550,24.125,2.464,0.0003
42.581,38.551,24.126,2.464,0.0134
42.616,38.552,24.126,2.464,0.0160
42.650,38.552,24.126,2.462,0.0102
42.685,38.553,24.126,2.455,-0.0051
42.720,38.554,24.127,2.444,-0.0114
42.755,38.555,24.127,2.429,-0.0052
42.790,38.555,24.127,2.413,-0.0019
42.825,38.556,24.127,2.394,-0.0147
42.859,38.557,24.128,2.374,-0.0323
42.894,38.558,24.128,2.352,-0.0351
42.929,38.559,24.128,2.330,-0.0266
42.964,38.560,24.128,2.307,-0.0291
43.000,38.561,24.128,2.283,-0.0468
43.034,38.562,24.128,2.259,-0.0619
43.069,38.563,24.128,2.235,-0.0590
43.104,38.564,24.128,2.210,-0.0517
43.138,38.565,24.129,2.185,-0.0598
43.173,38.566,24.129,2.160,-0.0816
43.209,38.567,24.129,2.135,-0.0911
43.244,38.569,24.128,2.110,-0.0854
43.279,38.570,24.128,2.085,-0.0806
43.314,38.571,24.128,2.060,-0.0951
43.349,38.573,24.128,2.035,-0.1137
43.384,38.574,24.128,2.010,-0.1168
43.418,38.576,24.128,1.984,-0.1073
43.453,38.577,24.128,1.959,-0.1094
43.488,38.579,24.128,1.934,-0.1273
43.523,38.580,24.127,1.909,-0.1420
43.558,38.582,24.127,1.884,-0.1386
43.593,38.584,24.127,1.859,-0.1302
43.628,38.586,24.127,1.834,-0.1374
43.663,38.587,24.126,1.809,-0.1574
43.697,38.589,24.126,1.784,-0.1651
43.733,38.591,24.126,1.759,-0.1575
43.767,38.593,24.125,1.734,-0.1520
43.802,38.595,24.125,1.709,-0.1649
43.836,38.597,24.125,1.685,-0.1828
43.872,38.599,24.124,1.660,-0.1843
43.906,38.601,24.124,1.635,-0.1735
43.941,38.603,24.123,1.610,-0.1741
43.976,38.605,24.123,1.586,-0.1912
44.011,38.607,24.122,1.561,-0.2036
44.045,38.610,24.122,1.536,-0.1991
44.080,38.612,24.121,1.511,-0.1892
44.115,38.614,24.121,1.487,-0.1956
44.150,38.617,24.120,1.462,-0.2134
44.185,38.619,24.120,1.438,-0.2202
44.220,38.621,24.119,1.413,-0.2107
44.255,38.624,24.118,1.388,-0.2029
44.290,38.626,24.118,1.364,-0.2132
44.325,38.629,24.117,1.339,-0.2301
44.360,38.631,24.116,1.315,-0.2305
44.395,38.634,24.116,1.291,-0.2190
44.429,38.636,24.115,1.266,-0.2174
44.464,38.639,24.114,1.242,-0.2336
44.500,38.642,24.114,1.217,-0.2442
44.534,38.645,24.113,1.193,-0.2387
44.569,38.647,24.112,1.168,-0.2270
44.603,38.650,24.111,1.144,-0.2321
44.638,38.653,24.111,1.120,-0.2488
44.677,38.656,24.110,1.095,-0.2545
44.712,38.659,24.109,1.071,-0.2438
44.747,38.662,24.108,1.047,-0.2362
44.782,38.664,24.107,1.022,-0.2456
44.817,38.667,24.106,0.998,-0.2611
44.851,38.670,24.105,0.974,-0.2597
44.886,38.674,24.105,0.949,-0.2465
44.921,38.677,24.104,0.925,-0.2443
44.956,38.680,24.103,0.901,-0.2589
44.991,38.683,24.102,0.877,-0.2689
45.026,38.686,24.101,0.853,-0.2620
45.061,38.689,24.100,0.829,-0.2489
45.095,38.692,24.099,0.804,-0.2528
45.131,38.696,24.098,0.780,-0.2687
45.166,38.699,24.097,0.756,-0.2723
45.201,38.702,24.096,0.732,-0.2609
45.235,38.706,24.095,0.708,-0.2519
45.270,38.709,24.094,0.684,-0.2607
45.305,38.712,24.093,0.660,-0.2745
45.340,38.716,24.092,0.636,-0.2722
45.375,38.719,24.091,0.612,-0.2575
45.410,38.723,24.089,0.588,-0.2548
45.446,38.726,24.088,0.564,-0.2676
45.481,38.730,24.087,0.540,-0.2767
45.516,38.734,24.086,0.516,-0.2686
45.551,38.737,24.085,0.492,-0.2550
45.586,38.741,24.084,0.468,-0.2571
45.621,38.744,24.083,0.444,-0.2723
45.658,38.748,24.082,0.420,-0.2745
45.693,38.752,24.080,0.396,-0.2624
45.728,38.756,24.079,0.372,-0.2519
45.763,38.759,24.078,0.348,-0.2598
45.798,38.763,24.077,0.325,-0.2727
45.833,38.767,24.075,0.301,-0.2699
45.868,38.771,24.074,0.277,-0.2539
45.902,38.775,24.073,0.253,-0.2502
45.938,38.778,24.072,0.229,-0.2617
45.972,38.782,24.070,0.205,-0.2699
46.007,38.786,24.069,0.181,-0.2605
46.042,38.790,24.068,0.157,-0.2459
46.077,38.794,24.067,0.133,-0.2474
46.112,38.798,24.065,0.109,-0.2615
46.147,38.802,24.064,0.085,-0.2632
46.182,38.806,24.063,0.061,-0.2500
46.217,38.810,24.061,0.037,-0.2383
46.251,38.814,24.060,0.013,-0.2453
46.286,38.816,24.059,0.002,-0.2754
46.321,38.816,24.059,0.002,-0.2846
46.356,38.816,24.059,0.002,-0.2898
46.391,38.816,24.059,0.002,-0.3052
46.426,38.816,24.059,0.002,-0.3304
46.460,38.816,24.059,0.002,-0.3426
46.495,38.816,24.059,0.002,-0.3384
46.530,38.816,24.059,0.002,-0.3306
46.565,38.816,24.059,0.003,-0.3406
46.601,38.816,24.059,0.003,-0.3549
46.636,38.816,24.059,0.002,-0.3531
46.670,38.816,24.058,0.002,-0.3382
46.705,38.816,24.058,0.002,-0.3314
46.740,38.816,24.058,0.002,-0.3391
46.774,38.816,24.058,0.002,-0.3446
46.808,38.816,24.058,0.002,-0.3335
46.844,38.816,24.058,0.002,-0.3193
46.878,38.816,24.058,0.002,-0.3182
46.914,38.816,24.058,0.002,-0.3260
46.948,38.816,24.058,0.002,-0.3238
46.983,38.816,24.058,0.002,-0.3113
47.018,38.816,24.058,0.002,-0.3031
47.053,38.816,24.058,0.002,-0.3077
47.088,38.816,24.058,0.002,-0.3124
47.122,38.816,24.058,0.002,-0.3059
47.157,38.816,24.058,0.002,-0.2948
47.192,38.816,24.058,0.002,-0.2972
47.227,38.816,24.058,0.002,-0.3021
47.262,38.816,24.058,0.002,-0.2970
47.297,38.816,24.058,0.002,-0.2892
47.332,38.816,24.058,0.002,-0.2919
47.366,38.816,24.058,0.002,-0.2963
47.401,38.816,24.058,0.002,-0.2881
47.436,38.816,24.058,0.002,-0.2831
47.471,38.816,24.058,0.002,-0.2902
47.506,38.816,24.058,0.002,-0.2898
47.541,38.816,24.058,0.002,-0.2813
47.576,38.816,24.058,0.002,-0.2803
47.611,38.816,24.058,0.002,-0.2865
47.646,38.816,24.058,0.002,-0.2830
47.681,38.816,24.058,0.002,-0.2741
47.716,38.816,24.058,0.002,-0.2782
47.751,38.816,24.058,0.002,-0.2829
47.786,38.816,24.058,0.002,-0.2762
47.821,38.816,24.058,0.002,-0.2718
47.856,38.816,24.058,0.002,-0.2777
47.891,38.816,24.058,0.002,-0.2797
47.926,38.816,24.058,0.002,-0.2879
47.961,38.816,24.058,0.002,-0.2883
47.995,38.816,24.058,0.002,-0.2883
48.030,38.816,24.058,0.002,-0.2883
48.065,38.816,24.058,0.002,-0.2883
48.100,38.816,24.058,0.002,-0.2883
48.135,38.816,24.058,0.002,-0.2883
48.170,38.816,24.058,0.002,-0.2883
48.205,38.816,24.058,0.002,-0.2883
48.240,38.816,24.058,0.002,-0.2883
48.274,38.816,24.058,0.002,-0.2883
48.309,38.816,24.058,0.002,-0.2883
48.344,38.816,24.058,0.002,-0.2883
48.379,38.816,24.058,0.002,-0.2883
48.414,38.816,24.058,0.002,-0.2883
48.449,38.816,24.058,0.002,-0.2883
48.484,38.816,24.058,0.002,-0.2883
48.519,38.816,24.058,0.002,-0.2883
48.554,38.816,24.058,0.002,-0.2883
48.588,38.816,24.058,0.002,-0.2883
48.623,38.816,24.058,0.002,-0.2883
48.658,38.816,24.058,0.002,-0.2883
48.693,38.816,24.058,0.002,-0.2883
48.728,38.816,24.058,0.002,-0.2883
48.762,38.816,24.058,0.002,-0.2883
48.797,38.816,24.058,0.002,-0.2883
48.832,38.816,24.058,0.002,-0.2883
48.867,38.816,24.058,0.002,-0.2883
48.902,38.816,24.058,0.002,-0.2883
48.936,38.816,24.058,0.002,-0.2883
48.972,38.816,24.058,0.002,-0.2883
49.006,38.816,24.058,0.002,-0.2883
49.041,38.816,24.058,0.002,-0.2883
49.076,38.816,24.058,0.002,-0.2883
49.111,38.816,24.058,0.002,-0.2883
49.146,38.816,24.058,0.002,-0.2883
49.180,38.816,24.058,0.002,-0.2883
49.216,38.816,24.058,0.002,-0.2883
49.250,38.816,24.058,0.002,-0.2883
49.285,38.816,24.058,0.002,-0.2883
49.320,38.816,24.058,0.002,-0.2883
49.356,38.816,24.058,0.002,-0.2883
49.390,38.816,24.058,0.002,-0.2883
49.425,38.816,24.058,0.002,-0.2883
49.459,38.816,24.058,0.002,-0.2883
49.495,38.816,24.058,0.002,-0.2883
49.529,38.816,24.058,0.002,-0.2883
49.564,38.816,24.058,0.002,-0.2883
49.599,38.816,24.058,0.002,-0.2883
49.633,38.816,24.058,0.002,-0.2883
49.669,38.816,24.058,0.002,-0.2883
49.704,38.816,24.058,0.002,-0.2883
49.739,38.816,24.058,0.002,-0.2883
49.774,38.816,24.058,0.002,-0.2883
49.809,38.816,24.058,0.002,-0.2883
49.844,38.816,24.058,0.002,-0.2883
49.880,38.816,24.058,0.002,-0.2883
49.915,38.816,24.058,0.002,-0.2883
49.950,38.816,24.058,0.002,-0.2883
49.986,38.816,24.058,0.002,-0.2883
50.021,38.816,24.058,0.002,-0.2883
50.056,38.816,24.058,0.002,-0.2883
50.091,38.816,24.058,0.002,-0.2883
50.126,38.816,24.058,0.002,-0.2883
50.161,38.816,24.058,0.002,-0.2883
50.196,38.816,24.058,0.002,-0.2883
50.231,38.816,24.058,0.002,-0.2883
50.266,38.816,24.058,0.002,-0.2883
50.300,38.816,24.058,0.002,-0.2883
50.335,38.816,24.058,0.002,-0.2883
50.370,38.816,24.058,0.002,-0.2883
50.405,38.816,24.058,0.002,-0.2883
50.440,38.816,24.058,0.002,-0.2883
50.474,38.816,24.058,0.002,-0.2883
50.509,38.816,24.058,0.002,-0.2883
50.544,38.816,24.058,0.002,-0.2883
50.579,38.816,24.058,0.002,-0.2883
50.614,38.816,24.058,0.002,-0.2883
50.649,38.816,24.058,0.002,-0.2883
50.684,38.816,24.058,0.002,-0.2883
50.719,38.816,24.058,0.002,-0.2883
50.754,38.816,24.058,0.002,-0.2883
50.788,38.816,24.058,0.002,-0.2883
50.824,38.816,24.058,0.002,-0.2883
50.858,38.816,24.058,0.002,-0.2883
50.893,38.816,24.058,0.002,-0.2883
50.928,38.816,24.058,0.002,-0.2883
50.963,38.816,24.058,0.002,-0.2883
50.998,38.816,24.058,0.002,-0.2883
51.032,38.816,24.058,0.002,-0.2883
51.067,38.816,24.058,0.002,-0.2883
51.102,38.816,24.058,0.002,-0.2883
51.137,38.816,24.058,0.002,-0.2883
51.172,38.816,24.058,0.002,-0.2883
51.207,38.816,24.058,0.002,-0.2883
51.242,38.816,24.058,0.002,-0.2883
51.277,38.816,24.058,0.002,-0.2883
51.312,38.816,24.058,0.002,-0.2883
51.346,38.816,24.058,0.002,-0.2883
51.381,38.816,24.058,0.002,-0.2883
51.416,38.816,24.058,0.002,-0.2883
51.451,38.816,24.058,0.002,-0.2883
51.486,38.816,24.058,0.002,-0.2883
51.521,38.816,24.058,0.002,-0.2883
51.555,38.816,24.058,0.002,-0.2883
51.591,38.816,24.058,0.002,-0.2883
51.626,38.816,24.058,0.002,-0.2883
51.661,38.816,24.058,0.002,-0.2883
51.695,38.816,24.058,0.002,-0.2883
51.730,38.816,24.058,0.002,-0.2883
51.765,38.816,24.058,0.002,-0.2883
51.801,38.816,24.058,0.002,-0.2883
51.836,38.816,24.058,0.002,-0.2883
51.871,38.816,24.058,0.002,-0.2883
51.906,38.816,24.058,0.002,-0.2883
51.942,38.816,24.058,0.002,-0.2883
51.977,38.816,24.058,0.002,-0.2883
52.012,38.816,24.058,0.002,-0.2883
52.046,38.816,24.058,0.002,-0.2883
52.081,38.816,24.058,0.002,-0.2883
52.116,38.816,24.058,0.002,-0.2883
52.151,38.816,24.058,0.002,-0.2883
52.187,38.816,24.058,0.002,-0.2883
52.221,38.816,24.058,0.002,-0.2883
52.256,38.816,24.058,0.002,-0.2883
52.291,38.816,24.058,0.002,-0.2883
52.326,38.816,24.058,0.002,-0.2883
52.361,38.816,24.058,0.002,-0.2883
52.396,38.816,24.058,0.002,-0.2883
52.430,38.816,24.058,0.002,-0.2883
52.465,38.816,24.058,0.002,-0.2883
52.500,38.816,24.058,0.002,-0.2883
52.535,38.816,24.058,0.002,-0.2883
52.570,38.816,24.058,0.002,-0.2883
52.604,38.816,24.058,0.002,-0.2883
52.639,38.816,24.058,0.002,-0.2883
52.674,38.816,24.058,0.002,-0.2883
52.710,38.816,24.058,0.002,-0.2883
52.744,38.816,24.058,0.002,-0.2883
52.779,38.816,24.058,0.002,-0.2883
52.814,38.816,24.058,0.002,-0.2883
52.849,38.816,24.058,0.002,-0.2883
52.884,38.816,24.058,0.002,-0.2883
52.920,38.816,24.058,0.002,-0.2883
52.954,38.816,24.058,0.002,-0.2883
52.989,38.816,24.058,0.002,-0.2883
53.024,38.816,24.058,0.002,-0.2883
53.058,38.816,24.058,0.002,-0.2883
53.093,38.816,24.058,0.002,-0.2883
53.128,38.816,24.058,0.002,-0.2883
53.163,38.816,24.058,0.002,-0.2883
53.198,38.816,24.058,0.002,-0.2883
53.233,38.816,24.058,0.002,-0.2883
53.267,38.816,24.058,0.002,-0.2883
53.302,38.816,24.058,0.002,-0.2883
53.337,38.816,24.058,0.002,-0.2883
53.372,38.816,24.058,0.002,-0.2883
53.407,38.816,24.058,0.002,-0.2883
53.442,38.816,24.058,0.002,-0.2883
53.477,38.816,24.058,0.002,-0.2883
53.511,38.816,24.058,0.002,-0.2883
53.546,38.816,24.058,0.002,-0.2883
53.581,38.816,24.058,0.002,-0.2883
53.616,38.816,24.058,0.002,-0.2883
53.650,38.816,24.058,0.002,-0.2883
53.685,38.816,24.058,0.002,-0.2883
53.720,38.816,24.058,0.002,-0.2883
53.755,38.816,24.058,0.002,-0.2883
53.790,38.816,24.058,0.002,-0.2883
53.825,38.816,24.058,0.002,-0.2883
53.860,38.816,24.058,0.002,-0.2883
53.895,38.816,24.058,0.002,-0.2883
53.930,38.816,24.058,0.002,-0.2883
53.964,38.816,24.058,0.002,-0.2883
53.999,38.816,24.058,0.002,-0.2883
54.034,38.816,24.058,0.002,-0.2883
54.069,38.816,24.058,0.002,-0.2883
54.105,38.816,24.058,0.002,-0.2883
54.140,38.816,24.058,0.002,-0.2883
54.176,38.816,24.058,0.002,-0.2883
54.211,38.816,24.058,0.002,-0.2883
54.246,38.816,24.058,0.002,-0.2883
54.280,38.816,24.058,0.002,-0.2883
54.315,38.816,24.058,0.002,-0.2883
54.350,38.816,24.058,0.002,-0.2883
54.385,38.816,24.058,0.002,-0.2883
54.419,38.816,24.058,0.002,-0.2883
54.454,38.816,24.058,0.002,-0.2883
54.489,38.816,24.058,0.002,-0.2883
54.524,38.816,24.058,0.002,-0.2883
54.558,38.816,24.058,0.002,-0.2883
54.593,38.816,24.058,0.002,-0.2883
54.628,38.816,24.058,0.002,-0.2883
54.663,38.816,24.058,0.002,-0.2883
54.698,38.816,24.058,0.002,-0.2883
54.733,38.816,24.058,0.002,-0.2883
54.768,38.816,24.058,0.002,-0.2883
54.803,38.816,24.058,0.002,-0.2883
54.838,38.816,24.058,0.002,-0.2883
54.873,38.816,24.058,0.002,-0.2883
54.908,38.816,24.058,0.002,-0.2883
54.943,38.816,24.058,0.002,-0.2883
54.978,38.816,24.058,0.002,-0.2883
55.013,38.816,24.058,0.002,-0.2883
