Episode,Scenario,Condition,CM_LateralDeviation_m,Observed_LateralDeviation_m,RelativeDegradation_percent
1,A,RM,0.215,0.2777,29.15
1,A,RA,0.202,0.3503,73.39
2,A,RM,0.2074,0.3052,47.16
2,A,RA,0.2048,0.3325,62.37
3,A,RM,0.2108,0.268,27.18
3,A,RA,0.2119,0.3605,70.15
4,A,RM,0.1954,0.2985,52.71
4,A,RA,0.2025,0.3665,80.98
5,A,RM,0.2054,0.2966,44.43
5,A,RA,0.1943,0.3323,71.04
6,A,RM,0.2011,0.3017,50.02
6,A,RA,0.1938,0.3358,73.23
7,A,RM,0.2086,0.2843,36.3
7,A,RA,0.1941,0.3323,71.2
8,A,RM,0.2141,0.2905,35.67
8,A,RA,0.1975,0.3305,67.38
9,A,RM,0.2054,0.2562,24.72
9,A,RA,0.2032,0.3463,70.44
10,A,RM,0.2133,0.2926,37.16
10,A,RA,0.2106,0.3345,58.86
11,A,RM,0.2026,0.258,27.36
11,A,RA,0.2042,0.3158,54.63
12,A,RM,0.2109,0.3051,44.69
12,A,RA,0.2042,0.3217,57.55
13,A,RM,0.197,0.2803,42.32
13,A,RA,0.214,0.3274,53.01
14,A,RM,0.2126,0.295,38.78
14,A,RA,0.2079,0.3529,69.73
15,A,RM,0.189,0.2787,47.4
15,A,RA,0.2053,0.3796,84.9
16,A,RM,0.2002,0.285,42.31
16,A,RA,0.2028,0.3602,77.61
17,A,RM,0.215,0.3108,44.57
17,A,RA,0.2038,0.3458,69.66
18,A,RM,0.207,0.2972,43.58
18,A,RA,0.2144,0.3345,55.99
19,A,RM,0.2006,0.2961,47.62
19,A,RA,0.2218,0.3471,56.52
20,A,RM,0.1899,0.2652,39.69
20,A,RA,0.2041,0.3207,57.15
21,A,RM,0.2222,0.2846,28.05
21,A,RA,0.2046,0.3684,80.05
22,A,RM,0.2191,0.2868,30.9
22,A,RA,0.2099,0.3611,72.07
23,A,RM,0.2066,0.2754,33.33
23,A,RA,0.2128,0.3324,56.21
24,A,RM,0.2049,0.2882,40.66
24,A,RA,0.2089,0.3133,49.95
25,A,RM,0.1967,0.3008,52.91
25,A,RA,0.2188,0.3493,59.65
26,A,RM,0.2033,0.279,37.23
26,A,RA,0.2064,0.3199,54.96
27,A,RM,0.2043,0.2999,46.78
27,A,RA,0.2029,0.3445,69.77
28,A,RM,0.202,0.3027,49.84
28,A,RA,0.2131,0.3633,70.5
29,A,RM,0.2093,0.277,32.34
29,A,RA,0.1967,0.3274,66.43
30,A,RM,0.2074,0.3117,50.28
30,A,RA,0.2163,0.3258,50.66
31,A,RM,0.1991,0.2888,45.06
31,A,RA,0.1829,0.3591,96.31
32,A,RM,0.2058,0.2863,39.14
32,A,RA,0.2026,0.3174,56.69
33,A,RM,0.2172,0.2678,23.27
33,A,RA,0.2194,0.3513,60.15
34,A,RM,0.2032,0.2967,45.97
34,A,RA,0.2134,0.3357,57.32
35,A,RM,0.2293,0.2839,23.82
35,A,RA,0.2164,0.3614,67.02
36,A,RM,0.2156,0.291,34.98
36,A,RA,0.2006,0.3253,62.21
37,A,RM,0.2069,0.2886,39.48
37,A,RA,0.2093,0.3182,52.01
38,A,RM,0.2238,0.2907,29.93
38,A,RA,0.1953,0.3347,71.4
39,A,RM,0.2062,0.2905,40.88
39,A,RA,0.2149,0.3357,56.2
40,A,RM,0.2253,0.2935,30.27
40,A,RA,0.2048,0.31,51.42
41,A,RM,0.2039,0.2539,24.48
41,A,RA,0.213,0.3589,68.53
42,A,RM,0.2126,0.2875,35.19
42,A,RA,0.2034,0.3387,66.55
43,A,RM,0.2116,0.3238,52.98
43,A,RA,0.2019,0.3119,54.48
44,A,RM,0.2024,0.2845,40.58
44,A,RA,0.2008,0.3278,63.2
45,A,RM,0.2158,0.2644,22.55
45,A,RA,0.2059,0.333,61.76
46,A,RM,0.2049,0.278,35.67
46,A,RA,0.2174,0.3509,61.41
47,A,RM,0.2182,0.2888,32.33
47,A,RA,0.2096,0.3067,46.29
48,A,RM,0.2071,0.2935,41.75
48,A,RA,0.2177,0.3787,74.01
49,A,RM,0.2036,0.2783,36.66
49,A,RA,0.2085,0.3805,82.51
50,A,RM,0.2083,0.2707,29.93
50,A,RA,0.2129,0.3616,69.87
51,A,RM,0.2012,0.2821,40.2
51,A,RA,0.2074,0.343,65.36
52,A,RM,0.2085,0.2931,40.59
52,A,RA,0.2039,0.3279,60.8
53,A,RM,0.2159,0.2788,29.13
53,A,RA,0.2231,0.3474,55.74
54,A,RM,0.2139,0.2878,34.54
54,A,RA,0.2122,0.35,64.98
55,A,RM,0.2017,0.276,36.85
55,A,RA,0.2123,0.3451,62.59
56,A,RM,0.214,0.2806,31.08
56,A,RA,0.2114,0.3115,47.36
57,A,RM,0.212,0.2761,30.27
57,A,RA,0.2078,0.3435,65.28
58,A,RM,0.2021,0.2586,27.95
58,A,RA,0.1884,0.3331,76.8
59,A,RM,0.2021,0.3177,57.21
59,A,RA,0.2077,0.3146,51.5
60,A,RM,0.2237,0.2836,26.79
60,A,RA,0.2016,0.351,74.09
61,A,RM,0.2209,0.2699,22.16
61,A,RA,0.2156,0.3832,77.73
62,A,RM,0.2029,0.2707,33.44
62,A,RA,0.2085,0.318,52.51
63,A,RM,0.2149,0.2845,32.36
63,A,RA,0.2133,0.3355,57.32
64,A,RM,0.2172,0.3118,43.51
64,A,RA,0.2283,0.3592,57.31
65,A,RM,0.2045,0.2595,26.93
65,A,RA,0.2131,0.3118,46.3
66,A,RM,0.1812,0.2937,62.07
66,A,RA,0.2011,0.3449,71.52
67,A,RM,0.1953,0.2766,41.63
67,A,RA,0.2026,0.3374,66.53
68,A,RM,0.2182,0.2973,36.25
68,A,RA,0.2121,0.2905,37.0
69,A,RM,0.2105,0.2777,31.91
69,A,RA,0.2014,0.342,69.84
70,A,RM,0.1969,0.2987,51.66
70,A,RA,0.2,0.3326,66.28
71,A,RM,0.2147,0.2952,37.5
71,A,RA,0.2149,0.3516,63.63
72,A,RM,0.215,0.3012,40.07
72,A,RA,0.2232,0.3204,43.58
73,A,RM,0.2219,0.3152,42.03
73,A,RA,0.1936,0.3204,65.54
74,A,RM,0.2102,0.2701,28.5
74,A,RA,0.2135,0.3435,60.85
75,A,RM,0.2051,0.3039,48.13
75,A,RA,0.1994,0.3366,68.81
76,A,RM,0.2167,0.2483,14.57
76,A,RA,0.2167,0.3244,49.68
77,A,RM,0.2005,0.315,57.12
77,A,RA,0.1962,0.3454,76.02
78,A,RM,0.2061,0.2846,38.04
78,A,RA,0.2046,0.3321,62.3
79,A,RM,0.2085,0.2848,36.59
79,A,RA,0.217,0.318,46.53
80,A,RM,0.2209,0.2615,18.36
80,A,RA,0.2205,0.3754,70.24
81,A,RM,0.2127,0.2751,29.35
81,A,RA,0.2176,0.3532,62.31
82,A,RM,0.2084,0.2732,31.06
82,A,RA,0.2207,0.3264,47.92
83,A,RM,0.2002,0.3018,50.74
83,A,RA,0.2123,0.3188,50.19
84,A,RM,0.2103,0.2705,28.63
84,A,RA,0.2011,0.3219,60.04
85,A,RM,0.2104,0.3132,48.89
85,A,RA,0.2106,0.3248,54.18
86,A,RM,0.2169,0.3053,40.71
86,A,RA,0.2097,0.3119,48.73
87,A,RM,0.2033,0.2851,40.25
87,A,RA,0.2132,0.3105,45.62
88,A,RM,0.207,0.3125,50.95
88,A,RA,0.2081,0.3236,55.51
89,A,RM,0.214,0.2932,36.97
89,A,RA,0.212,0.3464,63.42
90,A,RM,0.1909,0.2607,36.56
90,A,RA,0.2057,0.3875,88.35
91,A,RM,0.2144,0.2677,24.86
91,A,RA,0.2012,0.3438,70.91
92,A,RM,0.2195,0.2827,28.82
92,A,RA,0.2045,0.3024,47.89
93,A,RM,0.2009,0.2934,46.06
93,A,RA,0.2043,0.3295,61.26
94,A,RM,0.2111,0.2872,36.02
94,A,RA,0.2029,0.3511,73.02
95,A,RM,0.1974,0.2703,36.9
95,A,RA,0.2169,0.3546,63.51
96,A,RM,0.2076,0.2775,33.65
96,A,RA,0.2043,0.3367,64.81
97,A,RM,0.2,0.2869,43.46
97,A,RA,0.2041,0.3064,50.15
98,A,RM,0.2062,0.2829,37.25
98,A,RA,0.1958,0.3053,55.86
99,A,RM,0.208,0.3114,49.71
99,A,RA,0.1997,0.3716,86.04
100,A,RM,0.2114,0.2787,31.81
100,A,RA,0.2026,0.3265,61.14
101,A,RM,0.2047,0.2689,31.38
101,A,RA,0.2,0.3555,77.77
102,A,RM,0.2012,0.3269,62.44
102,A,RA,0.2078,0.3509,68.9
103,A,RM,0.212,0.2464,16.2
103,A,RA,0.2118,0.3277,54.75
104,A,RM,0.2043,0.282,38.01
104,A,RA,0.2038,0.3322,63.02
105,A,RM,0.2013,0.2907,44.4
105,A,RA,0.203,0.3539,74.35
106,A,RM,0.2109,0.2854,35.34
106,A,RA,0.2023,0.3468,71.46
107,A,RM,0.2014,0.3013,49.63
107,A,RA,0.202,0.3563,76.42
108,A,RM,0.2179,0.2781,27.63
108,A,RA,0.1955,0.3359,71.8
109,A,RM,0.2057,0.3049,48.24
109,A,RA,0.1936,0.3075,58.87
110,A,RM,0.2064,0.2748,33.11
110,A,RA,0.2077,0.3285,58.16
111,A,RM,0.213,0.2927,37.4
111,A,RA,0.1951,0.3639,86.51
112,A,RM,0.2052,0.3081,50.17
112,A,RA,0.2081,0.3456,66.07
113,A,RM,0.2232,0.307,37.54
113,A,RA,0.1968,0.3443,74.94
114,A,RM,0.2054,0.2716,32.23
114,A,RA,0.2051,0.3268,59.32
115,A,RM,0.2103,0.2924,39.0
115,A,RA,0.1936,0.3076,58.87
116,A,RM,0.2116,0.2831,33.8
116,A,RA,0.2088,0.3348,60.35
117,A,RM,0.2063,0.3057,48.2
117,A,RA,0.2085,0.3719,78.34
118,A,RM,0.2169,0.2632,21.33
118,A,RA,0.2081,0.3405,63.62
119,A,RM,0.1994,0.2723,36.56
119,A,RA,0.2083,0.3656,75.52
120,A,RM,0.2041,0.2816,37.99
120,A,RA,0.1975,0.3614,82.95
121,A,RM,0.2051,0.303,47.7
121,A,RA,0.2198,0.3277,49.09
122,A,RM,0.2117,0.2772,30.94
122,A,RA,0.2085,0.3176,52.33
123,A,RM,0.2087,0.2924,40.14
123,A,RA,0.1987,0.3352,68.68
124,A,RM,0.2103,0.2758,31.14
124,A,RA,0.2131,0.347,62.84
125,A,RM,0.2112,0.3186,50.85
125,A,RA,0.2061,0.3266,58.45
126,A,RM,0.2155,0.2774,28.77
126,A,RA,0.1941,0.3543,82.56
127,A,RM,0.2095,0.2853,36.19
127,A,RA,0.1994,0.3396,70.31
128,A,RM,0.2151,0.3022,40.46
128,A,RA,0.2093,0.3642,74.02
129,A,RM,0.2126,0.2848,33.98
129,A,RA,0.2169,0.3399,56.71
130,A,RM,0.2085,0.2885,38.36
130,A,RA,0.2093,0.3475,65.98
131,A,RM,0.2199,0.3012,36.96
131,A,RA,0.2153,0.3619,68.07
132,A,RM,0.202,0.3148,55.85
132,A,RA,0.1953,0.329,68.48
133,A,RM,0.2095,0.2766,32.06
133,A,RA,0.2156,0.3621,67.92
134,A,RM,0.2015,0.2739,35.92
134,A,RA,0.2063,0.3122,51.36
135,A,RM,0.2056,0.2576,25.31
135,A,RA,0.2215,0.3585,61.85
136,A,RM,0.2098,0.2876,37.09
136,A,RA,0.1957,0.3444,76.05
137,A,RM,0.2101,0.2641,25.67
137,A,RA,0.2188,0.3394,55.12
138,A,RM,0.2054,0.287,39.73
138,A,RA,0.2085,0.3697,77.32
139,A,RM,0.2186,0.2496,14.2
139,A,RA,0.2034,0.3487,71.41
140,A,RM,0.21,0.2747,30.78
140,A,RA,0.2081,0.3577,71.87
141,A,RM,0.2002,0.2743,37.0
141,A,RA,0.2081,0.3773,81.3
142,A,RM,0.2143,0.2801,30.71
142,A,RA,0.1995,0.3852,93.03
143,A,RM,0.2158,0.2955,36.91
143,A,RA,0.2005,0.3291,64.11
144,A,RM,0.2108,0.3137,48.8
144,A,RA,0.2019,0.2967,46.99
145,A,RM,0.2121,0.2974,40.23
145,A,RA,0.2173,0.3602,65.75
146,A,RM,0.1923,0.261,35.72
146,A,RA,0.207,0.3354,62.02
147,A,RM,0.2099,0.2613,24.47
147,A,RA,0.2042,0.343,67.96
148,A,RM,0.2032,0.298,46.65
148,A,RA,0.2083,0.3024,45.18
149,A,RM,0.2047,0.2616,27.78
149,A,RA,0.2058,0.3702,79.82
150,A,RM,0.2155,0.2876,33.47
150,A,RA,0.2096,0.3316,58.22
151,A,RM,0.2142,0.2829,32.06
151,A,RA,0.213,0.3303,55.11
152,A,RM,0.2193,0.2895,32.0
152,A,RA,0.2124,0.3202,50.75
153,A,RM,0.2142,0.2944,37.45
153,A,RA,0.2156,0.3095,43.53
154,A,RM,0.2225,0.2747,23.45
154,A,RA,0.2181,0.337,54.55
155,A,RM,0.2039,0.2842,39.34
155,A,RA,0.2115,0.3436,62.48
156,A,RM,0.216,0.2979,37.94
156,A,RA,0.2085,0.3691,77.03
157,A,RM,0.203,0.2724,34.16
157,A,RA,0.1975,0.3358,70.02
158,A,RM,0.193,0.2773,43.64
158,A,RA,0.1879,0.3129,66.54
159,A,RM,0.2027,0.24,18.38
159,A,RA,0.2124,0.3199,50.62
160,A,RM,0.2145,0.2681,24.99
160,A,RA,0.2061,0.3535,71.49
161,A,RM,0.2131,0.2517,18.11
161,A,RA,0.2043,0.3257,59.46
162,A,RM,0.2177,0.2912,33.79
162,A,RA,0.2027,0.3257,60.71
163,A,RM,0.2089,0.2671,27.88
163,A,RA,0.1919,0.3548,84.86
164,A,RM,0.2042,0.2997,46.79
164,A,RA,0.2047,0.3115,52.16
165,A,RM,0.1949,0.2604,33.62
165,A,RA,0.2185,0.331,51.51
166,A,RM,0.2009,0.3249,61.74
166,A,RA,0.2004,0.3116,55.49
167,A,RM,0.2019,0.2738,35.58
167,A,RA,0.2142,0.3358,56.72
168,A,RM,0.2156,0.2708,25.59
168,A,RA,0.1968,0.3498,77.71
169,A,RM,0.1992,0.2979,49.55
169,A,RA,0.21,0.3372,60.6
170,A,RM,0.2174,0.2663,22.49
170,A,RA,0.1996,0.3325,66.58
171,A,RM,0.2163,0.2683,24.06
171,A,RA,0.2133,0.3625,69.93
172,A,RM,0.2201,0.2862,30.02
172,A,RA,0.2184,0.3013,37.95
173,A,RM,0.2149,0.2616,21.69
173,A,RA,0.2037,0.3232,58.65
174,A,RM,0.2153,0.2949,36.96
174,A,RA,0.2129,0.3152,48.08
175,A,RM,0.2097,0.2831,34.99
175,A,RA,0.2117,0.3439,62.43
176,A,RM,0.2213,0.2641,19.35
176,A,RA,0.2108,0.3162,50.04
177,A,RM,0.2239,0.3065,36.88
177,A,RA,0.2038,0.3446,69.08
178,A,RM,0.2033,0.2897,42.48
178,A,RA,0.2051,0.3451,68.3
179,A,RM,0.1968,0.3036,54.27
179,A,RA,0.2282,0.3246,42.23
180,A,RM,0.2073,0.3037,46.52
180,A,RA,0.2089,0.3425,63.94
181,A,RM,0.2097,0.2752,31.28
181,A,RA,0.2034,0.3063,50.63
182,A,RM,0.1906,0.3175,66.58
182,A,RA,0.2019,0.3311,63.97
183,A,RM,0.2086,0.297,42.38
183,A,RA,0.203,0.3754,84.95
184,A,RM,0.2081,0.2648,27.2
184,A,RA,0.21,0.3629,72.81
185,A,RM,0.2057,0.2898,40.93
185,A,RA,0.2038,0.358,75.69
186,A,RM,0.2008,0.2657,32.29
186,A,RA,0.2072,0.3116,50.38
187,A,RM,0.2028,0.2833,39.65
187,A,RA,0.2095,0.3458,65.04
188,A,RM,0.2224,0.2976,33.8
188,A,RA,0.2193,0.3371,53.75
189,A,RM,0.2,0.2745,37.26
189,A,RA,0.203,0.343,68.97
190,A,RM,0.2006,0.288,43.54
190,A,RA,0.222,0.365,64.45
191,A,RM,0.2072,0.2546,22.85
191,A,RA,0.2053,0.3475,69.28
192,A,RM,0.2179,0.2841,30.39
192,A,RA,0.2094,0.3074,46.84
193,A,RM,0.2032,0.3049,50.08
193,A,RA,0.195,0.36,84.58
194,A,RM,0.213,0.2848,33.72
194,A,RA,0.2208,0.29,31.32
195,A,RM,0.2075,0.2716,30.92
195,A,RA,0.2049,0.3228,57.54
196,A,RM,0.2014,0.2701,34.15
196,A,RA,0.2002,0.3364,68.03
197,A,RM,0.2173,0.3003,38.18
197,A,RA,0.2246,0.3323,47.92
198,A,RM,0.2244,0.2446,9.02
198,A,RA,0.203,0.3396,67.35
199,A,RM,0.1955,0.294,50.42
199,A,RA,0.211,0.3435,62.8
200,A,RM,0.2013,0.3075,52.75
200,A,RA,0.2094,0.3783,80.67
201,A,RM,0.2096,0.2731,30.3
201,A,RA,0.2107,0.3291,56.21
202,A,RM,0.2043,0.2976,45.66
202,A,RA,0.2062,0.3735,81.12
203,A,RM,0.2255,0.2978,32.04
203,A,RA,0.2128,0.3352,57.5
204,A,RM,0.1983,0.2732,37.8
204,A,RA,0.1933,0.3498,81.02
205,A,RM,0.2112,0.2802,32.65
205,A,RA,0.2066,0.3235,56.59
206,A,RM,0.1985,0.2948,48.48
206,A,RA,0.2209,0.3324,50.47
207,A,RM,0.2084,0.2942,41.16
207,A,RA,0.214,0.3495,63.37
208,A,RM,0.2047,0.2633,28.63
208,A,RA,0.2279,0.3417,49.97
209,A,RM,0.206,0.2926,42.08
209,A,RA,0.2121,0.3229,52.24
210,A,RM,0.2185,0.2309,5.65
210,A,RA,0.1981,0.3371,70.15
211,A,RM,0.2183,0.2829,29.59
211,A,RA,0.1833,0.3237,76.63
212,A,RM,0.213,0.2737,28.49
212,A,RA,0.2019,0.3325,64.68
213,A,RM,0.1999,0.2846,42.35
213,A,RA,0.2234,0.3495,56.4
214,A,RM,0.204,0.2942,44.25
214,A,RA,0.1912,0.3583,87.42
215,A,RM,0.2034,0.2824,38.82
215,A,RA,0.2195,0.3607,64.29
216,A,RM,0.2082,0.2913,39.93
216,A,RA,0.2066,0.3388,64.04
217,A,RM,0.2152,0.3266,51.79
217,A,RA,0.208,0.333,60.12
218,A,RM,0.2095,0.2761,31.8
218,A,RA,0.2081,0.3336,60.3
219,A,RM,0.2171,0.2775,27.82
219,A,RA,0.2272,0.3324,46.3
220,A,RM,0.2012,0.2648,31.6
220,A,RA,0.2088,0.3595,72.21
221,A,RM,0.1987,0.3094,55.69
221,A,RA,0.2103,0.3624,72.32
222,A,RM,0.2042,0.2748,34.57
222,A,RA,0.198,0.3588,81.22
223,A,RM,0.1935,0.2723,40.67
223,A,RA,0.1981,0.3209,62.02
224,A,RM,0.214,0.2911,36.0
224,A,RA,0.2204,0.3357,52.34
225,A,RM,0.2123,0.2844,33.99
225,A,RA,0.2108,0.3262,54.75
226,A,RM,0.1886,0.3004,59.32
226,A,RA,0.2103,0.3803,80.82
227,A,RM,0.2048,0.2663,30.05
227,A,RA,0.2047,0.3507,71.33
228,A,RM,0.2076,0.263,26.69
228,A,RA,0.2041,0.3633,77.98
229,A,RM,0.2013,0.2707,34.49
229,A,RA,0.2085,0.3586,71.99
230,A,RM,0.2172,0.2446,12.62
230,A,RA,0.1915,0.3568,86.33
231,A,RM,0.2066,0.2779,34.55
231,A,RA,0.2077,0.3748,80.48
232,A,RM,0.2121,0.2842,33.97
232,A,RA,0.2073,0.3707,78.82
233,A,RM,0.2119,0.2528,19.31
233,A,RA,0.1941,0.3534,82.07
234,A,RM,0.1844,0.3071,66.56
234,A,RA,0.2057,0.3505,70.38
235,A,RM,0.2008,0.2998,49.29
235,A,RA,0.2,0.3239,62.0
236,A,RM,0.2144,0.2578,20.23
236,A,RA,0.2169,0.3253,49.96
237,A,RM,0.1984,0.3026,52.49
237,A,RA,0.2034,0.3128,53.82
238,A,RM,0.2149,0.2605,21.24
238,A,RA,0.2195,0.3671,67.25
239,A,RM,0.2178,0.2626,20.57
239,A,RA,0.2123,0.3342,57.37
240,A,RM,0.2092,0.3048,45.72
240,A,RA,0.2062,0.3434,66.52
241,A,RM,0.2004,0.2813,40.33
241,A,RA,0.2059,0.347,68.49
242,A,RM,0.213,0.2832,32.95
242,A,RA,0.2126,0.3391,59.47
243,A,RM,0.2064,0.2797,35.51
243,A,RA,0.2153,0.3427,59.19
244,A,RM,0.2077,0.2834,36.4
244,A,RA,0.2015,0.3592,78.3
245,A,RM,0.2127,0.2705,27.2
245,A,RA,0.2064,0.3127,51.54
246,A,RM,0.2049,0.2478,20.9
246,A,RA,0.2153,0.3312,53.86
247,A,RM,0.1897,0.2717,43.25
247,A,RA,0.21,0.3394,61.57
248,A,RM,0.2128,0.2545,19.61
248,A,RA,0.2029,0.3428,68.94
249,A,RM,0.2088,0.2762,32.27
249,A,RA,0.2069,0.3717,79.64
250,A,RM,0.2059,0.2679,30.12
250,A,RA,0.2034,0.328,61.3
251,A,RM,0.2098,0.2803,33.59
251,A,RA,0.2104,0.3559,69.17
252,A,RM,0.2098,0.2903,38.38
252,A,RA,0.2087,0.3664,75.6
253,A,RM,0.2199,0.3083,40.18
253,A,RA,0.2151,0.3363,56.35
254,A,RM,0.2128,0.2855,34.22
254,A,RA,0.2296,0.3152,37.29
255,A,RM,0.2169,0.2988,37.77
255,A,RA,0.1954,0.3323,70.06
256,A,RM,0.1992,0.245,23.0
256,A,RA,0.2067,0.3492,68.94
257,A,RM,0.2094,0.3158,50.78
257,A,RA,0.2139,0.3514,64.33
258,A,RM,0.2146,0.2641,23.07
258,A,RA,0.2035,0.3354,64.77
259,A,RM,0.2074,0.2972,43.27
259,A,RA,0.2096,0.3488,66.38
260,A,RM,0.2231,0.3124,40.03
260,A,RA,0.2094,0.3718,77.53
261,A,RM,0.2092,0.2925,39.86
261,A,RA,0.2032,0.3515,72.97
262,A,RM,0.2031,0.2654,30.71
262,A,RA,0.2172,0.329,51.5
263,A,RM,0.216,0.2878,33.26
263,A,RA,0.2083,0.3285,57.66
264,A,RM,0.2176,0.3139,44.28
264,A,RA,0.2166,0.3119,43.99
265,A,RM,0.2007,0.2854,42.17
265,A,RA,0.2088,0.3332,59.59
266,A,RM,0.2214,0.3165,42.97
266,A,RA,0.207,0.3524,70.26
267,A,RM,0.2065,0.2853,38.15
267,A,RA,0.2132,0.3315,55.45
268,A,RM,0.2128,0.2877,35.19
268,A,RA,0.2115,0.3405,61.03
269,A,RM,0.2131,0.2454,15.15
269,A,RA,0.2302,0.3058,32.85
270,A,RM,0.1998,0.2975,48.95
270,A,RA,0.2032,0.3509,72.69
271,A,RM,0.1989,0.2853,43.46
271,A,RA,0.2114,0.3485,64.86
272,A,RM,0.2005,0.3036,51.39
272,A,RA,0.2079,0.3386,62.88
273,A,RM,0.2126,0.283,33.11
273,A,RA,0.2093,0.3406,62.74
274,A,RM,0.1974,0.2586,30.99
274,A,RA,0.2145,0.3254,51.67
275,A,RM,0.1962,0.2916,48.65
275,A,RA,0.1926,0.3328,72.76
276,A,RM,0.1997,0.2832,41.79
276,A,RA,0.2099,0.3009,43.34
277,A,RM,0.2051,0.3027,47.6
277,A,RA,0.2088,0.3276,56.88
278,A,RM,0.2173,0.2673,23.06
278,A,RA,0.2099,0.3433,63.57
279,A,RM,0.2159,0.3049,41.21
279,A,RA,0.2207,0.3667,66.16
280,A,RM,0.2033,0.3067,50.89
280,A,RA,0.22,0.3437,56.21
281,A,RM,0.2127,0.2842,33.65
281,A,RA,0.1977,0.3242,64.03
282,A,RM,0.2097,0.2549,21.53
282,A,RA,0.2141,0.3182,48.67
283,A,RM,0.2085,0.2901,39.13
283,A,RA,0.2168,0.347,60.03
284,A,RM,0.2204,0.2719,23.38
284,A,RA,0.2171,0.2914,34.23
285,A,RM,0.2,0.2959,47.96
285,A,RA,0.1951,0.3441,76.39
286,A,RM,0.2018,0.2473,22.5
286,A,RA,0.2107,0.3498,66.05
287,A,RM,0.214,0.2668,24.66
287,A,RA,0.1997,0.364,82.34
288,A,RM,0.2226,0.3067,37.77
288,A,RA,0.2184,0.3013,37.95
289,A,RM,0.1992,0.2928,46.95
289,A,RA,0.2116,0.3321,56.97
290,A,RM,0.2049,0.2943,43.62
290,A,RA,0.2107,0.3716,76.38
291,A,RM,0.2091,0.2857,36.63
291,A,RA,0.2209,0.3286,48.75
292,A,RM,0.2162,0.2947,36.3
292,A,RA,0.2097,0.3479,65.88
293,A,RM,0.2111,0.3041,44.04
293,A,RA,0.206,0.3228,56.65
294,A,RM,0.2126,0.3519,65.54
294,A,RA,0.2145,0.345,60.81
295,A,RM,0.2017,0.3053,51.38
295,A,RA,0.212,0.3423,61.45
296,A,RM,0.2086,0.2821,35.24
296,A,RA,0.2146,0.358,66.88
297,A,RM,0.2123,0.2534,19.33
297,A,RA,0.2151,0.3421,59.05
298,A,RM,0.1961,0.2526,28.76
298,A,RA,0.2108,0.3372,59.95
299,A,RM,0.1994,0.2934,47.17
299,A,RA,0.2061,0.3282,59.27
300,A,RM,0.2059,0.2963,43.93
300,A,RA,0.2051,0.3487,70.04
301,A,RM,0.1832,0.2765,50.96
301,A,RA,0.209,0.3314,58.55
302,A,RM,0.2153,0.2646,22.94
302,A,RA,0.207,0.3436,66.0
303,A,RM,0.2055,0.3023,47.1
303,A,RA,0.2116,0.3301,55.97
304,A,RM,0.2061,0.2531,22.77
304,A,RA,0.2099,0.3388,61.39
305,A,RM,0.214,0.3149,47.13
305,A,RA,0.211,0.3053,44.7
306,A,RM,0.2077,0.3059,47.32
306,A,RA,0.2084,0.333,59.79
307,A,RM,0.2048,0.2975,45.25
307,A,RA,0.2072,0.3668,77.04
308,A,RM,0.2117,0.2729,28.88
308,A,RA,0.2082,0.3443,65.36
309,A,RM,0.2121,0.2735,28.95
309,A,RA,0.2064,0.3126,51.49
310,A,RM,0.2209,0.2738,23.95
310,A,RA,0.2073,0.3394,63.74
311,A,RM,0.2093,0.3052,45.83
311,A,RA,0.2066,0.3594,73.92
312,A,RM,0.2213,0.2884,30.36
312,A,RA,0.2067,0.3437,66.28
313,A,RM,0.2239,0.2858,27.65
313,A,RA,0.2057,0.3515,70.87
314,A,RM,0.1965,0.2948,50.01
314,A,RA,0.2002,0.3532,76.45
315,A,RM,0.2091,0.3176,51.92
315,A,RA,0.1982,0.3681,85.72
316,A,RM,0.2204,0.2808,27.42
316,A,RA,0.2087,0.3438,64.75
317,A,RM,0.2099,0.2752,31.09
317,A,RA,0.2147,0.3359,56.45
318,A,RM,0.2093,0.2573,22.94
318,A,RA,0.2036,0.3653,79.41
319,A,RM,0.2085,0.3176,52.35
319,A,RA,0.2014,0.3209,59.36
320,A,RM,0.2087,0.3323,59.25
320,A,RA,0.2069,0.3548,71.53
321,A,RM,0.2062,0.2584,25.33
321,A,RA,0.2032,0.3396,67.15
322,A,RM,0.1971,0.2816,42.88
322,A,RA,0.1998,0.3258,63.07
323,A,RM,0.2228,0.2744,23.17
323,A,RA,0.2132,0.3272,53.48
324,A,RM,0.2025,0.2926,44.54
324,A,RA,0.2088,0.3098,48.35
325,A,RM,0.2079,0.2715,30.59
325,A,RA,0.2116,0.3533,66.97
326,A,RM,0.2039,0.2918,43.13
326,A,RA,0.2148,0.3766,75.3
327,A,RM,0.2118,0.2856,34.81
327,A,RA,0.213,0.3259,52.98
328,A,RM,0.2078,0.2819,35.62
328,A,RA,0.2043,0.3452,68.98
329,A,RM,0.1954,0.3096,58.46
329,A,RA,0.2199,0.3376,53.53
330,A,RM,0.2077,0.2977,43.3
330,A,RA,0.2051,0.3596,75.37
331,A,RM,0.2132,0.274,28.53
331,A,RA,0.2155,0.3381,56.9
332,A,RM,0.2056,0.2671,29.88
332,A,RA,0.2134,0.3691,72.98
333,A,RM,0.1936,0.2789,44.1
333,A,RA,0.1936,0.3401,75.63
334,A,RM,0.2046,0.2939,43.65
334,A,RA,0.2297,0.3289,43.2
335,A,RM,0.2143,0.3111,45.13
335,A,RA,0.2036,0.3497,71.77
336,A,RM,0.2093,0.287,37.08
336,A,RA,0.2165,0.3272,51.1
337,A,RM,0.2114,0.264,24.9
337,A,RA,0.2052,0.3353,63.45
338,A,RM,0.2032,0.2915,43.47
338,A,RA,0.208,0.3152,51.57
339,A,RM,0.2013,0.2889,43.52
339,A,RA,0.2079,0.3247,56.18
340,A,RM,0.2211,0.3073,38.98
340,A,RA,0.2069,0.3449,66.68
341,A,RM,0.2053,0.2856,39.07
341,A,RA,0.1933,0.3415,76.66
342,A,RM,0.2205,0.2613,18.47
342,A,RA,0.2046,0.3681,79.9
343,A,RM,0.2072,0.2749,32.7
343,A,RA,0.2104,0.3366,59.95
344,A,RM,0.1975,0.3138,58.9
344,A,RA,0.2124,0.3577,68.39
345,A,RM,0.2125,0.274,28.97
345,A,RA,0.203,0.3407,67.86
346,A,RM,0.2154,0.277,28.59
346,A,RA,0.1956,0.3676,87.96
347,A,RM,0.2169,0.2981,37.43
347,A,RA,0.2084,0.3596,72.56
348,A,RM,0.2042,0.2666,30.55
348,A,RA,0.204,0.3404,66.84
349,A,RM,0.1946,0.2898,48.89
349,A,RA,0.2213,0.3544,60.13
350,A,RM,0.2078,0.2734,31.57
350,A,RA,0.1948,0.3685,89.2
351,A,RM,0.2053,0.3119,51.9
351,A,RA,0.2179,0.3572,63.96
352,A,RM,0.205,0.2724,32.89
352,A,RA,0.215,0.3433,59.69
353,A,RM,0.2091,0.2761,32.06
353,A,RA,0.1852,0.3321,79.36
354,A,RM,0.2043,0.2458,20.29
354,A,RA,0.2143,0.3421,59.63
355,A,RM,0.2004,0.2715,35.46
355,A,RA,0.2024,0.338,67.06
356,A,RM,0.2094,0.2906,38.78
356,A,RA,0.2033,0.343,68.73
357,A,RM,0.2031,0.295,45.25
357,A,RA,0.2114,0.3345,58.23
358,A,RM,0.2063,0.3154,52.87
358,A,RA,0.2188,0.3331,52.26
359,A,RM,0.2038,0.2806,37.71
359,A,RA,0.218,0.358,64.23
360,A,RM,0.2075,0.2906,40.04
360,A,RA,0.2026,0.3599,77.61
361,A,RM,0.1995,0.2933,46.99
361,A,RA,0.2096,0.3525,68.16
362,A,RM,0.2115,0.2706,27.9
362,A,RA,0.2103,0.361,71.68
363,A,RM,0.1996,0.283,41.82
363,A,RA,0.2147,0.3533,64.54
364,A,RM,0.2226,0.2859,28.47
364,A,RA,0.2075,0.3566,71.82
365,A,RM,0.21,0.2757,31.29
365,A,RA,0.2179,0.3274,50.31
366,A,RM,0.1951,0.2719,39.37
366,A,RA,0.2075,0.3405,64.13
367,A,RM,0.2079,0.2897,39.37
367,A,RA,0.2219,0.3608,62.62
368,A,RM,0.2123,0.2923,37.67
368,A,RA,0.2238,0.3984,78.04
369,A,RM,0.2059,0.292,41.8
369,A,RA,0.2046,0.3791,85.31
370,A,RM,0.1963,0.2889,47.14
370,A,RA,0.2145,0.3079,43.5
371,A,RM,0.2152,0.2913,35.36
371,A,RA,0.1987,0.3515,76.95
372,A,RM,0.2348,0.2713,15.55
372,A,RA,0.1956,0.3682,88.21
373,A,RM,0.2002,0.2912,45.43
373,A,RA,0.222,0.3266,47.1
374,A,RM,0.2118,0.2699,27.42
374,A,RA,0.2063,0.3057,48.2
375,A,RM,0.2139,0.3107,45.29
375,A,RA,0.2043,0.3277,60.37
376,A,RM,0.2167,0.2906,34.08
376,A,RA,0.2062,0.3456,67.62
377,A,RM,0.2171,0.2662,22.6
377,A,RA,0.2121,0.3672,73.11
378,A,RM,0.2173,0.2728,25.55
378,A,RA,0.2004,0.3615,80.4
379,A,RM,0.2023,0.2769,36.91
379,A,RA,0.2006,0.3626,80.76
380,A,RM,0.217,0.291,34.08
380,A,RA,0.2072,0.3472,67.55
381,A,RM,0.2122,0.2857,34.64
381,A,RA,0.2099,0.3427,63.25
382,A,RM,0.2127,0.2673,25.65
382,A,RA,0.2247,0.3231,43.8
383,A,RM,0.2015,0.2793,38.59
383,A,RA,0.2122,0.3366,58.6
384,A,RM,0.2069,0.2815,36.02
384,A,RA,0.2184,0.3293,50.77
385,A,RM,0.2117,0.262,23.73
385,A,RA,0.2187,0.3631,66.06
386,A,RM,0.2062,0.2898,40.59
386,A,RA,0.2102,0.3183,51.42
387,A,RM,0.2147,0.2796,30.22
387,A,RA,0.2098,0.348,65.91
388,A,RM,0.1957,0.2794,42.76
388,A,RA,0.2117,0.3265,54.24
389,A,RM,0.2106,0.2512,19.25
389,A,RA,0.2088,0.3645,74.6
390,A,RM,0.2189,0.2842,29.82
390,A,RA,0.1998,0.3466,73.5
391,A,RM,0.214,0.314,46.73
391,A,RA,0.2215,0.3427,54.7
392,A,RM,0.2017,0.3179,57.63
392,A,RA,0.2111,0.3474,64.59
393,A,RM,0.2181,0.2847,30.52
393,A,RA,0.1993,0.3774,89.34
394,A,RM,0.2056,0.288,40.07
394,A,RA,0.2138,0.3559,66.43
395,A,RM,0.1985,0.3026,52.48
395,A,RA,0.2106,0.3316,57.4
396,A,RM,0.2161,0.2708,25.31
396,A,RA,0.2046,0.3619,76.88
397,A,RM,0.2004,0.2893,44.36
397,A,RA,0.2251,0.3636,61.55
398,A,RM,0.1972,0.3043,54.32
398,A,RA,0.2261,0.3742,65.5
399,A,RM,0.2039,0.3246,59.17
399,A,RA,0.2193,0.332,51.4
400,A,RM,0.2234,0.29,29.83
400,A,RA,0.2105,0.3408,61.89
401,A,RM,0.2055,0.2728,32.74
401,A,RA,0.216,0.3164,46.49
402,A,RM,0.2172,0.2945,35.61
402,A,RA,0.2077,0.359,72.85
403,A,RM,0.204,0.2914,42.86
403,A,RA,0.2038,0.3447,69.15
404,A,RM,0.2097,0.29,38.3
404,A,RA,0.2097,0.3158,50.6
405,A,RM,0.2045,0.2845,39.12
405,A,RA,0.2099,0.3061,45.84
406,A,RM,0.2056,0.2923,42.14
406,A,RA,0.2048,0.3445,68.27
407,A,RM,0.2145,0.2978,38.84
407,A,RA,0.1957,0.3227,64.9
408,A,RM,0.2138,0.2638,23.39
408,A,RA,0.2117,0.333,57.32
409,A,RM,0.2052,0.3041,48.15
409,A,RA,0.2126,0.3318,56.06
410,A,RM,0.2094,0.3036,44.98
410,A,RA,0.2032,0.3365,65.62
411,A,RM,0.2072,0.3068,48.05
411,A,RA,0.2152,0.3629,68.69
412,A,RM,0.1989,0.2944,48.03
412,A,RA,0.204,0.3398,66.53
413,A,RM,0.2173,0.3175,46.09
413,A,RA,0.2125,0.3381,59.13
414,A,RM,0.2031,0.2887,42.1
414,A,RA,0.1956,0.3649,86.57
415,A,RM,0.2258,0.2412,6.85
415,A,RA,0.2093,0.3285,56.96
416,A,RM,0.2137,0.2847,33.24
416,A,RA,0.211,0.352,66.87
417,A,RM,0.2164,0.2931,35.47
417,A,RA,0.2181,0.35,60.47
418,A,RM,0.2034,0.3104,52.63
418,A,RA,0.201,0.3417,70.03
419,A,RM,0.211,0.3082,46.08
419,A,RA,0.2095,0.3657,74.55
420,A,RM,0.1998,0.271,35.62
420,A,RA,0.2153,0.3031,40.77
421,A,RM,0.2144,0.2855,33.14
421,A,RA,0.2087,0.3348,60.45
422,A,RM,0.19,0.2672,40.61
422,A,RA,0.2149,0.3448,60.48
423,A,RM,0.2165,0.2892,33.54
423,A,RA,0.2166,0.305,40.8
424,A,RM,0.2185,0.2545,16.47
424,A,RA,0.2117,0.3561,68.21
425,A,RM,0.2074,0.309,48.98
425,A,RA,0.2114,0.3203,51.48
426,A,RM,0.2112,0.3063,44.99
426,A,RA,0.2177,0.3836,76.18
427,A,RM,0.2058,0.2945,43.05
427,A,RA,0.208,0.3939,89.37
428,A,RM,0.2182,0.2767,26.86
428,A,RA,0.2165,0.3823,76.59
429,A,RM,0.2137,0.256,19.82
429,A,RA,0.217,0.3655,68.39
430,A,RM,0.1985,0.275,38.54
430,A,RA,0.2089,0.3748,79.36
431,A,RM,0.2003,0.2941,46.84
431,A,RA,0.2197,0.3344,52.24
432,A,RM,0.2137,0.2886,35.05
432,A,RA,0.2005,0.346,72.59
433,A,RM,0.2253,0.3222,42.97
433,A,RA,0.2146,0.3514,63.75
434,A,RM,0.2059,0.3118,51.41
434,A,RA,0.2028,0.3111,53.38
435,A,RM,0.1971,0.2796,41.88
435,A,RA,0.1968,0.3492,77.42
436,A,RM,0.2018,0.2699,33.76
436,A,RA,0.2239,0.3325,48.5
437,A,RM,0.2048,0.3143,53.49
437,A,RA,0.2279,0.3121,36.95
438,A,RM,0.1963,0.3098,57.83
438,A,RA,0.2098,0.3417,62.85
439,A,RM,0.2064,0.274,32.78
439,A,RA,0.216,0.3142,45.43
440,A,RM,0.2073,0.2911,40.41
440,A,RA,0.2055,0.3435,67.14
441,A,RM,0.2044,0.258,26.22
441,A,RA,0.2081,0.3293,58.26
442,A,RM,0.2205,0.2638,19.67
442,A,RA,0.2015,0.3298,63.69
443,A,RM,0.2085,0.28,34.31
443,A,RA,0.2011,0.338,68.05
444,A,RM,0.2036,0.2611,28.22
444,A,RA,0.2111,0.3331,57.81
445,A,RM,0.2127,0.272,27.91
445,A,RA,0.2037,0.3189,56.55
446,A,RM,0.2057,0.2703,31.42
446,A,RA,0.209,0.3191,52.71
447,A,RM,0.207,0.2432,17.48
447,A,RA,0.2031,0.3246,59.79
448,A,RM,0.214,0.2725,27.37
448,A,RA,0.2149,0.287,33.54
449,A,RM,0.1991,0.2634,32.3
449,A,RA,0.2019,0.3407,68.77
450,A,RM,0.2061,0.2943,42.8
450,A,RA,0.2244,0.3487,55.39
451,A,RM,0.2158,0.3036,40.71
451,A,RA,0.197,0.3154,60.06
452,A,RM,0.2097,0.2687,28.1
452,A,RA,0.2226,0.3377,51.71
453,A,RM,0.2115,0.2889,36.62
453,A,RA,0.1922,0.3394,76.57
454,A,RM,0.2025,0.2757,36.15
454,A,RA,0.2275,0.3103,36.4
455,A,RM,0.1974,0.2927,48.27
455,A,RA,0.2094,0.3088,47.42
456,A,RM,0.2136,0.2703,26.54
456,A,RA,0.2129,0.3129,47.0
457,A,RM,0.2135,0.277,29.75
457,A,RA,0.2238,0.3463,54.73
458,A,RM,0.1993,0.283,42.02
458,A,RA,0.2133,0.3443,61.39
459,A,RM,0.2077,0.2918,40.5
459,A,RA,0.2113,0.3342,58.22
460,A,RM,0.2086,0.3106,48.89
460,A,RA,0.1844,0.3197,73.35
461,A,RM,0.1998,0.2927,46.55
461,A,RA,0.2076,0.3235,55.78
462,A,RM,0.2061,0.3207,55.59
462,A,RA,0.2193,0.3364,53.36
463,A,RM,0.2073,0.247,19.15
463,A,RA,0.2041,0.3611,76.96
464,A,RM,0.2077,0.2738,31.85
464,A,RA,0.2273,0.368,61.89
465,A,RM,0.2092,0.298,42.45
465,A,RA,0.2151,0.3579,66.39
466,A,RM,0.2239,0.3114,39.11
466,A,RA,0.2296,0.3479,51.56
467,A,RM,0.2117,0.2627,24.12
467,A,RA,0.1993,0.3287,64.88
468,A,RM,0.2039,0.2695,32.17
468,A,RA,0.2216,0.3689,66.45
469,A,RM,0.2124,0.291,37.04
469,A,RA,0.2071,0.3358,62.13
470,A,RM,0.213,0.2895,35.89
470,A,RA,0.2157,0.3573,65.68
471,A,RM,0.206,0.2887,40.15
471,A,RA,0.2182,0.3406,56.13
472,A,RM,0.2123,0.2745,29.31
472,A,RA,0.2108,0.3356,59.22
473,A,RM,0.2116,0.2754,30.16
473,A,RA,0.2162,0.3463,60.19
474,A,RM,0.2053,0.2762,34.5
474,A,RA,0.1999,0.3475,73.8
475,A,RM,0.2007,0.2574,28.3
475,A,RA,0.2109,0.3234,53.35
476,A,RM,0.2065,0.3231,56.51
476,A,RA,0.2174,0.351,61.46
477,A,RM,0.2169,0.2905,33.91
477,A,RA,0.2081,0.37,77.79
478,A,RM,0.2095,0.2678,27.82
478,A,RA,0.2008,0.3726,85.55
479,A,RM,0.21,0.2952,40.55
479,A,RA,0.2063,0.3477,68.51
480,A,RM,0.2075,0.3092,49.03
480,A,RA,0.2078,0.3478,67.34
481,A,RM,0.2057,0.2983,45.05
481,A,RA,0.223,0.3415,53.13
482,A,RM,0.203,0.2735,34.7
482,A,RA,0.2132,0.362,69.82
483,A,RM,0.217,0.2908,34.02
483,A,RA,0.2053,0.3506,70.82
484,A,RM,0.2109,0.2948,39.82
484,A,RA,0.2073,0.3361,62.12
485,A,RM,0.2005,0.2871,43.18
485,A,RA,0.2106,0.3413,62.09
486,A,RM,0.2209,0.2674,21.06
486,A,RA,0.2057,0.326,58.49
487,A,RM,0.2157,0.2946,36.62
487,A,RA,0.2132,0.3491,63.78
488,A,RM,0.2141,0.2834,32.36
488,A,RA,0.2216,0.3681,66.12
489,A,RM,0.21,0.3073,46.34
489,A,RA,0.2064,0.3396,64.52
490,A,RM,0.2264,0.2778,22.72
490,A,RA,0.212,0.3486,64.44
491,A,RM,0.2114,0.28,32.46
491,A,RA,0.2033,0.3634,78.73
492,A,RM,0.2125,0.2746,29.22
492,A,RA,0.2104,0.3346,59.05
493,A,RM,0.2116,0.2873,35.79
493,A,RA,0.2176,0.3292,51.29
494,A,RM,0.1975,0.2868,45.21
494,A,RA,0.2065,0.3278,58.73
495,A,RM,0.1991,0.2726,36.93
495,A,RA,0.2222,0.3357,51.08
496,A,RM,0.1999,0.2848,42.52
496,A,RA,0.1966,0.3553,80.7
497,A,RM,0.2226,0.2654,19.21
497,A,RA,0.2058,0.3374,63.95
498,A,RM,0.2109,0.2954,40.07
498,A,RA,0.2176,0.3346,53.76
499,A,RM,0.2032,0.2652,30.53
499,A,RA,0.1959,0.3039,55.12
500,A,RM,0.2107,0.2788,32.3
500,A,RA,0.208,0.3485,67.59
1,B,RM,0.2982,0.3728,25.01
1,B,RA,0.2876,0.4439,54.36
2,B,RM,0.2804,0.3922,39.9
2,B,RA,0.2896,0.4759,64.37
3,B,RM,0.2863,0.3819,33.42
3,B,RA,0.2783,0.4083,46.72
4,B,RM,0.2898,0.4074,40.6
4,B,RA,0.2983,0.4712,57.93
5,B,RM,0.2856,0.3885,36.02
5,B,RA,0.2932,0.4677,59.53
6,B,RM,0.2977,0.362,21.6
6,B,RA,0.2858,0.4702,64.49
7,B,RM,0.2935,0.3911,33.25
7,B,RA,0.2901,0.4219,45.43
8,B,RM,0.2903,0.3928,35.29
8,B,RA,0.3038,0.4471,47.17
9,B,RM,0.2778,0.3986,43.5
9,B,RA,0.2957,0.4809,62.64
10,B,RM,0.2883,0.4277,48.37
10,B,RA,0.2841,0.4616,62.47
11,B,RM,0.2847,0.3895,36.82
11,B,RA,0.2981,0.4606,54.52
12,B,RM,0.297,0.3996,34.57
12,B,RA,0.2914,0.4674,60.39
13,B,RM,0.2838,0.3823,34.7
13,B,RA,0.2869,0.4424,54.22
14,B,RM,0.3067,0.4162,35.7
14,B,RA,0.2903,0.4675,61.07
15,B,RM,0.2811,0.3952,40.58
15,B,RA,0.2931,0.4781,63.14
16,B,RM,0.2823,0.3873,37.19
16,B,RA,0.2896,0.4575,57.96
17,B,RM,0.2867,0.4117,43.58
17,B,RA,0.2892,0.4421,52.85
18,B,RM,0.2929,0.4262,45.52
18,B,RA,0.2895,0.4313,48.96
19,B,RM,0.2946,0.3733,26.71
19,B,RA,0.2982,0.4648,55.89
20,B,RM,0.296,0.3689,24.62
20,B,RA,0.3017,0.4509,49.44
21,B,RM,0.2927,0.39,33.25
21,B,RA,0.2887,0.4416,52.96
22,B,RM,0.2936,0.4073,38.76
22,B,RA,0.288,0.494,71.55
23,B,RM,0.2972,0.4204,41.47
23,B,RA,0.293,0.4326,47.66
24,B,RM,0.2898,0.3973,37.11
24,B,RA,0.2919,0.4921,68.56
25,B,RM,0.2915,0.4066,39.5
25,B,RA,0.2894,0.4687,61.94
26,B,RM,0.2951,0.4097,38.81
26,B,RA,0.281,0.4862,73.02
27,B,RM,0.293,0.4363,48.9
27,B,RA,0.2857,0.4709,64.84
28,B,RM,0.2906,0.4206,44.74
28,B,RA,0.2977,0.4896,64.45
29,B,RM,0.3053,0.4301,40.86
29,B,RA,0.2909,0.478,64.31
30,B,RM,0.2852,0.4116,44.34
30,B,RA,0.288,0.4433,53.91
31,B,RM,0.2924,0.3869,32.33
31,B,RA,0.2894,0.4458,54.02
32,B,RM,0.2787,0.3766,35.11
32,B,RA,0.2846,0.4553,60.01
33,B,RM,0.2901,0.3608,24.39
33,B,RA,0.2962,0.4936,66.67
34,B,RM,0.2938,0.4137,40.79
34,B,RA,0.2866,0.4271,49.04
35,B,RM,0.2896,0.3962,36.83
35,B,RA,0.2844,0.4547,59.9
36,B,RM,0.2931,0.3898,33.01
36,B,RA,0.2892,0.4873,68.53
37,B,RM,0.2837,0.3955,39.42
37,B,RA,0.2967,0.4752,60.17
38,B,RM,0.2973,0.3887,30.75
38,B,RA,0.2926,0.4149,41.79
39,B,RM,0.2986,0.4011,34.31
39,B,RA,0.2973,0.4219,41.9
40,B,RM,0.2864,0.4261,48.78
40,B,RA,0.2886,0.4739,64.18
41,B,RM,0.301,0.4386,45.74
41,B,RA,0.2976,0.4614,55.01
42,B,RM,0.286,0.397,38.82
42,B,RA,0.2964,0.4597,55.09
43,B,RM,0.2885,0.4056,40.56
43,B,RA,0.2801,0.4549,62.4
44,B,RM,0.2937,0.392,33.47
44,B,RA,0.2883,0.438,51.92
45,B,RM,0.2994,0.4364,45.77
45,B,RA,0.3042,0.4663,53.28
46,B,RM,0.2964,0.3691,24.51
46,B,RA,0.2951,0.4736,60.46
47,B,RM,0.3036,0.3786,24.69
47,B,RA,0.2888,0.4627,60.21
48,B,RM,0.2931,0.4254,45.15
48,B,RA,0.2743,0.451,64.41
49,B,RM,0.2935,0.4101,39.73
49,B,RA,0.2948,0.452,53.32
50,B,RM,0.2916,0.3995,36.99
50,B,RA,0.2957,0.4758,60.88
51,B,RM,0.2884,0.3962,37.37
51,B,RA,0.3026,0.456,50.73
52,B,RM,0.2894,0.3693,27.64
52,B,RA,0.3018,0.4829,60.0
53,B,RM,0.2986,0.413,38.29
53,B,RA,0.2881,0.48,66.6
54,B,RM,0.2951,0.3664,24.16
54,B,RA,0.3015,0.4651,54.25
55,B,RM,0.2937,0.4303,46.53
55,B,RA,0.3068,0.459,49.64
56,B,RM,0.2956,0.418,41.4
56,B,RA,0.2892,0.4499,55.58
57,B,RM,0.2983,0.3754,25.84
57,B,RA,0.2905,0.44,51.46
58,B,RM,0.3066,0.4154,35.48
58,B,RA,0.2835,0.4455,57.15
59,B,RM,0.3003,0.4012,33.62
59,B,RA,0.2989,0.4354,45.64
60,B,RM,0.2966,0.4338,46.29
60,B,RA,0.2838,0.4611,62.51
61,B,RM,0.296,0.4093,38.31
61,B,RA,0.2848,0.4442,55.99
62,B,RM,0.2866,0.3811,32.95
62,B,RA,0.297,0.4682,57.65
63,B,RM,0.2811,0.3994,42.06
63,B,RA,0.2968,0.4722,59.11
64,B,RM,0.2871,0.4231,47.37
64,B,RA,0.2927,0.4274,45.99
65,B,RM,0.2747,0.3767,37.12
65,B,RA,0.2862,0.4233,47.92
66,B,RM,0.2998,0.384,28.08
66,B,RA,0.2841,0.4792,68.67
67,B,RM,0.2794,0.383,37.08
67,B,RA,0.2997,0.4577,52.7
68,B,RM,0.2924,0.4196,43.5
68,B,RA,0.291,0.49,68.36
69,B,RM,0.2866,0.3868,34.98
69,B,RA,0.3,0.4848,61.6
70,B,RM,0.2962,0.427,44.16
70,B,RA,0.3049,0.4028,32.1
71,B,RM,0.268,0.3938,46.94
71,B,RA,0.2897,0.4747,63.87
72,B,RM,0.3004,0.3942,31.23
72,B,RA,0.291,0.4466,53.46
73,B,RM,0.2802,0.3839,37.04
73,B,RA,0.2828,0.4464,57.85
74,B,RM,0.2839,0.3808,34.11
74,B,RA,0.3027,0.4694,55.06
75,B,RM,0.2796,0.4054,45.0
75,B,RA,0.289,0.4749,64.3
76,B,RM,0.3087,0.4131,33.84
76,B,RA,0.2828,0.4694,65.97
77,B,RM,0.2697,0.3778,40.1
77,B,RA,0.2893,0.4345,50.17
78,B,RM,0.3047,0.4054,33.05
78,B,RA,0.2905,0.4691,61.47
79,B,RM,0.2937,0.4065,38.42
79,B,RA,0.2932,0.4496,53.34
80,B,RM,0.2915,0.4142,42.1
80,B,RA,0.2911,0.4658,60.03
81,B,RM,0.2951,0.3764,27.55
81,B,RA,0.2981,0.4406,47.82
82,B,RM,0.2873,0.3908,35.99
82,B,RA,0.2847,0.4684,64.53
83,B,RM,0.2958,0.3856,30.36
83,B,RA,0.2899,0.478,64.92
84,B,RM,0.2909,0.3905,34.24
84,B,RA,0.3026,0.4521,49.4
85,B,RM,0.2813,0.3992,41.93
85,B,RA,0.302,0.4565,51.16
86,B,RM,0.2707,0.3624,33.88
86,B,RA,0.3048,0.4392,44.13
87,B,RM,0.2832,0.4218,48.95
87,B,RA,0.2896,0.4472,54.45
88,B,RM,0.2963,0.413,39.41
88,B,RA,0.2913,0.4777,63.96
89,B,RM,0.2874,0.4122,43.41
89,B,RA,0.2874,0.4357,51.61
90,B,RM,0.2912,0.3679,26.35
90,B,RA,0.2902,0.4661,60.61
91,B,RM,0.2936,0.4405,50.05
91,B,RA,0.2903,0.4469,53.95
92,B,RM,0.2914,0.4263,46.28
92,B,RA,0.2838,0.4514,59.02
93,B,RM,0.2871,0.4164,45.0
93,B,RA,0.2804,0.4319,54.03
94,B,RM,0.2923,0.382,30.72
94,B,RA,0.2964,0.4662,57.25
95,B,RM,0.294,0.3948,34.3
95,B,RA,0.2931,0.4739,61.7
96,B,RM,0.289,0.3905,35.13
96,B,RA,0.2963,0.4725,59.46
97,B,RM,0.2755,0.406,47.35
97,B,RA,0.2995,0.4523,51.03
98,B,RM,0.2879,0.3934,36.63
98,B,RA,0.2965,0.4487,51.32
99,B,RM,0.3086,0.3759,21.8
99,B,RA,0.2946,0.4831,63.98
100,B,RM,0.2968,0.4118,38.74
100,B,RA,0.2842,0.4194,47.57
101,B,RM,0.3019,0.4153,37.56
101,B,RA,0.2959,0.4321,46.01
102,B,RM,0.2748,0.4155,51.22
102,B,RA,0.304,0.4943,62.6
103,B,RM,0.2978,0.4002,34.36
103,B,RA,0.2911,0.4544,56.09
104,B,RM,0.2891,0.4027,39.28
104,B,RA,0.2883,0.4913,70.43
105,B,RM,0.2758,0.4105,48.82
105,B,RA,0.2812,0.4541,61.48
106,B,RM,0.2835,0.3952,39.4
106,B,RA,0.296,0.4495,51.86
107,B,RM,0.2938,0.4149,41.23
107,B,RA,0.3131,0.4953,58.18
108,B,RM,0.2886,0.4019,39.28
108,B,RA,0.2852,0.4775,67.46
109,B,RM,0.3083,0.3938,27.75
109,B,RA,0.3044,0.468,53.72
110,B,RM,0.2868,0.3941,37.4
110,B,RA,0.2728,0.478,75.25
111,B,RM,0.2892,0.3727,28.88
111,B,RA,0.2859,0.4444,55.45
112,B,RM,0.2996,0.3904,30.31
112,B,RA,0.2874,0.4598,59.97
113,B,RM,0.2907,0.3996,37.43
113,B,RA,0.2792,0.4757,70.39
114,B,RM,0.2979,0.3977,33.49
114,B,RA,0.2862,0.4831,68.82
115,B,RM,0.2904,0.3949,35.98
115,B,RA,0.2827,0.4644,64.29
116,B,RM,0.2882,0.4229,46.78
116,B,RA,0.2964,0.4532,52.89
117,B,RM,0.3033,0.385,26.91
117,B,RA,0.2922,0.4677,60.06
118,B,RM,0.2922,0.4198,43.66
118,B,RA,0.3002,0.4695,56.4
119,B,RM,0.2916,0.4128,41.59
119,B,RA,0.2867,0.4634,61.62
120,B,RM,0.2966,0.3808,28.4
120,B,RA,0.3126,0.4504,44.08
121,B,RM,0.2898,0.3935,35.79
121,B,RA,0.2925,0.4949,69.16
122,B,RM,0.2974,0.3975,33.69
122,B,RA,0.2853,0.4665,63.53
123,B,RM,0.3003,0.3893,29.62
123,B,RA,0.2964,0.4736,59.79
124,B,RM,0.2843,0.3935,38.42
124,B,RA,0.2876,0.4597,59.82
125,B,RM,0.2844,0.355,24.82
125,B,RA,0.3022,0.4511,49.28
126,B,RM,0.2989,0.3854,28.94
126,B,RA,0.2888,0.4411,52.71
127,B,RM,0.295,0.4068,37.93
127,B,RA,0.2896,0.4672,61.33
128,B,RM,0.2956,0.3983,34.75
128,B,RA,0.276,0.4448,61.16
129,B,RM,0.2951,0.4464,51.26
129,B,RA,0.2941,0.4502,53.06
130,B,RM,0.2825,0.4133,46.28
130,B,RA,0.2806,0.4795,70.87
131,B,RM,0.305,0.3895,27.69
131,B,RA,0.2925,0.4113,40.59
132,B,RM,0.294,0.4051,37.79
132,B,RA,0.2803,0.4718,68.35
133,B,RM,0.2897,0.3991,37.78
133,B,RA,0.2819,0.4598,63.13
134,B,RM,0.2779,0.3869,39.19
134,B,RA,0.2863,0.4646,62.26
135,B,RM,0.2818,0.4044,43.52
135,B,RA,0.305,0.4475,46.75
136,B,RM,0.3094,0.3999,29.25
136,B,RA,0.2843,0.441,55.14
137,B,RM,0.2952,0.3875,31.27
137,B,RA,0.2931,0.4902,67.24
138,B,RM,0.3007,0.3752,24.78
138,B,RA,0.2832,0.4676,65.12
139,B,RM,0.2773,0.3748,35.16
139,B,RA,0.2991,0.4742,58.55
140,B,RM,0.2892,0.4002,38.39
140,B,RA,0.2922,0.4785,63.79
141,B,RM,0.2946,0.4015,36.29
141,B,RA,0.2943,0.4365,48.33
142,B,RM,0.3055,0.4009,31.24
142,B,RA,0.3071,0.4704,53.2
143,B,RM,0.2918,0.4092,40.23
143,B,RA,0.2821,0.4454,57.92
144,B,RM,0.3047,0.4318,41.69
144,B,RA,0.2843,0.4427,55.72
145,B,RM,0.316,0.4208,33.17
145,B,RA,0.2928,0.4568,56.0
146,B,RM,0.2881,0.3844,33.41
146,B,RA,0.2918,0.4244,45.45
147,B,RM,0.3042,0.389,27.85
147,B,RA,0.2943,0.4506,53.13
148,B,RM,0.2894,0.3885,34.25
148,B,RA,0.2837,0.4348,53.25
149,B,RM,0.283,0.4034,42.56
149,B,RA,0.2898,0.4674,61.27
150,B,RM,0.293,0.3874,32.24
150,B,RA,0.2871,0.429,49.46
151,B,RM,0.3009,0.3876,28.81
151,B,RA,0.2808,0.4473,59.29
152,B,RM,0.2876,0.3655,27.06
152,B,RA,0.293,0.4724,61.26
153,B,RM,0.2791,0.4005,43.48
153,B,RA,0.2893,0.4619,59.65
154,B,RM,0.2942,0.4386,49.08
154,B,RA,0.2772,0.4355,57.11
155,B,RM,0.2991,0.3688,23.3
155,B,RA,0.289,0.4544,57.24
156,B,RM,0.2849,0.3955,38.85
156,B,RA,0.3103,0.4729,52.4
157,B,RM,0.3029,0.4122,36.11
157,B,RA,0.2832,0.4441,56.83
158,B,RM,0.306,0.3786,23.72
158,B,RA,0.2814,0.4609,63.78
159,B,RM,0.2922,0.414,41.7
159,B,RA,0.2928,0.4604,57.21
160,B,RM,0.2951,0.4155,40.78
160,B,RA,0.2891,0.4738,63.91
161,B,RM,0.2813,0.3837,36.42
161,B,RA,0.2858,0.4438,55.27
162,B,RM,0.2986,0.4258,42.6
162,B,RA,0.2927,0.4529,54.71
163,B,RM,0.3056,0.4311,41.07
163,B,RA,0.2935,0.4563,55.48
164,B,RM,0.2962,0.4225,42.68
164,B,RA,0.2896,0.4566,57.68
165,B,RM,0.3083,0.3888,26.1
165,B,RA,0.292,0.4747,62.56
166,B,RM,0.3124,0.4314,38.08
166,B,RA,0.2954,0.4575,54.85
167,B,RM,0.2898,0.3913,35.04
167,B,RA,0.3007,0.4661,54.99
168,B,RM,0.2833,0.4052,43.04
168,B,RA,0.2918,0.4795,64.33
169,B,RM,0.2973,0.402,35.23
169,B,RA,0.304,0.4925,62.03
170,B,RM,0.2788,0.4092,46.77
170,B,RA,0.2936,0.4754,61.91
171,B,RM,0.2975,0.4249,42.85
171,B,RA,0.3003,0.4753,58.25
172,B,RM,0.2932,0.4261,45.31
172,B,RA,0.2867,0.4657,62.41
173,B,RM,0.2844,0.3877,36.31
173,B,RA,0.2966,0.4665,57.26
174,B,RM,0.2904,0.4114,41.66
174,B,RA,0.2886,0.4476,55.12
175,B,RM,0.3002,0.3964,32.04
175,B,RA,0.283,0.4344,53.5
176,B,RM,0.2828,0.4117,45.58
176,B,RA,0.2855,0.4434,55.3
177,B,RM,0.2939,0.3954,34.55
177,B,RA,0.3017,0.4439,47.12
178,B,RM,0.304,0.4045,33.08
178,B,RA,0.3037,0.4635,52.61
179,B,RM,0.2944,0.4051,37.6
179,B,RA,0.3058,0.4735,54.84
180,B,RM,0.2792,0.4002,43.37
180,B,RA,0.2727,0.4671,71.31
181,B,RM,0.2912,0.3979,36.65
181,B,RA,0.2881,0.4658,61.68
182,B,RM,0.2971,0.4008,34.87
182,B,RA,0.2978,0.4625,55.31
183,B,RM,0.295,0.3858,30.8
183,B,RA,0.2914,0.4745,62.82
184,B,RM,0.2755,0.4079,48.08
184,B,RA,0.2926,0.4264,45.75
185,B,RM,0.2854,0.3954,38.53
185,B,RA,0.2895,0.4694,62.15
186,B,RM,0.2906,0.4082,40.44
186,B,RA,0.2909,0.459,57.8
187,B,RM,0.2889,0.3732,29.17
187,B,RA,0.2783,0.4933,77.27
188,B,RM,0.2884,0.3997,38.58
188,B,RA,0.2946,0.4638,57.46
189,B,RM,0.2894,0.3918,35.38
189,B,RA,0.2946,0.4568,55.05
190,B,RM,0.2884,0.3732,29.38
190,B,RA,0.2987,0.4851,62.41
191,B,RM,0.287,0.3855,34.33
191,B,RA,0.2982,0.4692,57.34
192,B,RM,0.2939,0.3949,34.37
192,B,RA,0.2797,0.4485,60.35
193,B,RM,0.3004,0.4033,34.23
193,B,RA,0.297,0.4718,58.82
194,B,RM,0.3019,0.3977,31.72
194,B,RA,0.3047,0.4618,51.59
195,B,RM,0.2908,0.4257,46.4
195,B,RA,0.2907,0.4792,64.83
196,B,RM,0.2998,0.4404,46.9
196,B,RA,0.2977,0.4392,47.51
197,B,RM,0.2937,0.4101,39.62
197,B,RA,0.2924,0.4207,43.85
198,B,RM,0.2896,0.3895,34.53
198,B,RA,0.2987,0.4632,55.08
199,B,RM,0.2945,0.4088,38.8
199,B,RA,0.2881,0.4554,58.09
200,B,RM,0.2865,0.4272,49.11
200,B,RA,0.3057,0.4654,52.24
201,B,RM,0.2838,0.3965,39.69
201,B,RA,0.2921,0.4908,68.02
202,B,RM,0.2764,0.3914,41.59
202,B,RA,0.3077,0.4537,47.43
203,B,RM,0.2881,0.4168,44.71
203,B,RA,0.2953,0.4752,60.9
204,B,RM,0.2981,0.3757,26.03
204,B,RA,0.3042,0.4505,48.09
205,B,RM,0.2936,0.3789,29.07
205,B,RA,0.3048,0.4884,60.26
206,B,RM,0.2906,0.3976,36.84
206,B,RA,0.3004,0.4376,45.7
207,B,RM,0.2934,0.383,30.57
207,B,RA,0.3044,0.4651,52.8
208,B,RM,0.2841,0.3786,33.26
208,B,RA,0.2923,0.4513,54.43
209,B,RM,0.2949,0.394,33.57
209,B,RA,0.3076,0.4383,42.48
210,B,RM,0.3004,0.3989,32.78
210,B,RA,0.2887,0.436,51.02
211,B,RM,0.2951,0.3999,35.51
211,B,RA,0.2958,0.4352,47.12
212,B,RM,0.2816,0.3898,38.43
212,B,RA,0.2932,0.4705,60.51
213,B,RM,0.2941,0.3917,33.19
213,B,RA,0.2898,0.4713,62.65
214,B,RM,0.2792,0.4087,46.41
214,B,RA,0.2827,0.456,61.3
215,B,RM,0.2878,0.4267,48.28
215,B,RA,0.2814,0.4754,68.94
216,B,RM,0.2818,0.4035,43.18
216,B,RA,0.2904,0.4683,61.3
217,B,RM,0.299,0.4096,36.97
217,B,RA,0.2814,0.4799,70.52
218,B,RM,0.2986,0.3842,28.67
218,B,RA,0.2937,0.44,49.81
219,B,RM,0.3031,0.3934,29.78
219,B,RA,0.3005,0.4263,41.84
220,B,RM,0.2896,0.4168,43.91
220,B,RA,0.3072,0.4779,55.57
221,B,RM,0.3033,0.4078,34.46
221,B,RA,0.2843,0.4591,61.48
222,B,RM,0.2958,0.3971,34.24
222,B,RA,0.3004,0.4627,54.03
223,B,RM,0.2901,0.4262,46.9
223,B,RA,0.2868,0.4451,55.22
224,B,RM,0.2997,0.4258,42.08
224,B,RA,0.2918,0.4972,70.4
225,B,RM,0.2953,0.405,37.15
225,B,RA,0.2877,0.45,56.41
226,B,RM,0.3049,0.3835,25.79
226,B,RA,0.298,0.4564,53.17
227,B,RM,0.2915,0.3809,30.65
227,B,RA,0.3074,0.4436,44.31
228,B,RM,0.2927,0.3992,36.36
228,B,RA,0.2822,0.4758,68.57
229,B,RM,0.3017,0.4129,36.83
229,B,RA,0.2775,0.4559,64.26
230,B,RM,0.2981,0.3902,30.89
230,B,RA,0.2843,0.4458,56.84
231,B,RM,0.2937,0.4158,41.59
231,B,RA,0.3136,0.4204,34.06
232,B,RM,0.2849,0.4028,41.36
232,B,RA,0.2919,0.4748,62.68
233,B,RM,0.2898,0.401,38.34
233,B,RA,0.2876,0.4698,63.34
234,B,RM,0.288,0.3813,32.39
234,B,RA,0.299,0.4284,43.26
235,B,RM,0.297,0.4106,38.25
235,B,RA,0.306,0.4404,43.93
236,B,RM,0.2956,0.4057,37.26
236,B,RA,0.2695,0.4619,71.4
237,B,RM,0.2916,0.4041,38.59
237,B,RA,0.2857,0.4645,62.61
238,B,RM,0.295,0.4,35.58
238,B,RA,0.2934,0.4471,52.37
239,B,RM,0.3071,0.415,35.15
239,B,RA,0.2929,0.4672,59.5
240,B,RM,0.2913,0.4067,39.62
240,B,RA,0.2781,0.4592,65.1
241,B,RM,0.2832,0.3545,25.18
241,B,RA,0.286,0.4436,55.07
242,B,RM,0.3015,0.3832,27.07
242,B,RA,0.3004,0.4409,46.76
243,B,RM,0.2957,0.4022,36.02
243,B,RA,0.3042,0.4737,55.7
244,B,RM,0.2951,0.3958,34.14
244,B,RA,0.294,0.479,62.89
245,B,RM,0.2787,0.4248,52.44
245,B,RA,0.2909,0.4637,59.41
246,B,RM,0.2945,0.3882,31.82
246,B,RA,0.2918,0.4583,57.05
247,B,RM,0.2833,0.4114,45.21
247,B,RA,0.3036,0.4398,44.87
248,B,RM,0.2906,0.3898,34.12
248,B,RA,0.2973,0.4672,57.16
249,B,RM,0.2877,0.4031,40.11
249,B,RA,0.2769,0.4765,72.09
250,B,RM,0.2982,0.4054,35.95
250,B,RA,0.308,0.4295,39.47
251,B,RM,0.2818,0.366,29.85
251,B,RA,0.2745,0.4685,70.67
252,B,RM,0.2955,0.385,30.27
252,B,RA,0.2899,0.4873,68.1
253,B,RM,0.2878,0.3979,38.23
253,B,RA,0.2868,0.4436,54.65
254,B,RM,0.3081,0.3931,27.57
254,B,RA,0.2873,0.4823,67.85
255,B,RM,0.2944,0.41,39.28
255,B,RA,0.3089,0.4527,46.58
256,B,RM,0.3099,0.431,39.08
256,B,RA,0.3098,0.4337,39.99
257,B,RM,0.3037,0.391,28.74
257,B,RA,0.2909,0.4463,53.42
258,B,RM,0.2906,0.4164,43.25
258,B,RA,0.31,0.4759,53.55
259,B,RM,0.2874,0.4201,46.2
259,B,RA,0.2901,0.449,54.79
260,B,RM,0.2951,0.4043,37.03
260,B,RA,0.2864,0.4784,67.05
261,B,RM,0.3062,0.4236,38.34
261,B,RA,0.2949,0.459,55.63
262,B,RM,0.2878,0.3811,32.4
262,B,RA,0.2962,0.4742,60.13
263,B,RM,0.2885,0.3825,32.59
263,B,RA,0.2888,0.4804,66.33
264,B,RM,0.2976,0.4136,38.98
264,B,RA,0.287,0.4506,57.0
265,B,RM,0.2862,0.386,34.87
265,B,RA,0.2882,0.4445,54.24
266,B,RM,0.2971,0.3991,34.31
266,B,RA,0.2927,0.4636,58.39
267,B,RM,0.2843,0.4075,43.35
267,B,RA,0.2857,0.4151,45.27
268,B,RM,0.2972,0.3566,19.98
268,B,RA,0.2842,0.4612,62.32
269,B,RM,0.2794,0.3998,43.07
269,B,RA,0.2973,0.4898,64.77
270,B,RM,0.2898,0.4407,52.07
270,B,RA,0.3019,0.4656,54.24
271,B,RM,0.294,0.4025,36.89
271,B,RA,0.2898,0.4723,62.97
272,B,RM,0.3089,0.4124,33.49
272,B,RA,0.2865,0.471,64.42
273,B,RM,0.2951,0.3942,33.61
273,B,RA,0.2935,0.4322,47.28
274,B,RM,0.298,0.3879,30.15
274,B,RA,0.3036,0.4659,53.44
275,B,RM,0.299,0.3821,27.81
275,B,RA,0.3041,0.4679,53.88
276,B,RM,0.2808,0.3723,32.61
276,B,RA,0.2926,0.4788,63.62
277,B,RM,0.2812,0.4182,48.73
277,B,RA,0.2913,0.4524,55.3
278,B,RM,0.2939,0.3921,33.39
278,B,RA,0.3019,0.4722,56.42
279,B,RM,0.2978,0.4255,42.91
279,B,RA,0.3036,0.4822,58.85
280,B,RM,0.3131,0.4062,29.74
280,B,RA,0.304,0.4769,56.84
281,B,RM,0.2823,0.4041,43.15
281,B,RA,0.2892,0.4628,60.04
282,B,RM,0.3041,0.4012,31.94
282,B,RA,0.2913,0.4508,54.77
283,B,RM,0.2862,0.3906,36.48
283,B,RA,0.2864,0.4396,53.49
284,B,RM,0.2758,0.4155,50.63
284,B,RA,0.2917,0.4592,57.45
285,B,RM,0.2805,0.3716,32.49
285,B,RA,0.2962,0.481,62.39
286,B,RM,0.281,0.4153,47.81
286,B,RA,0.2872,0.4628,61.16
287,B,RM,0.2989,0.3829,28.07
287,B,RA,0.2911,0.4694,61.26
288,B,RM,0.2957,0.3974,34.4
288,B,RA,0.2841,0.4538,59.73
289,B,RM,0.2934,0.3871,31.94
289,B,RA,0.2865,0.4612,60.97
290,B,RM,0.2884,0.3844,33.3
290,B,RA,0.3038,0.465,53.07
291,B,RM,0.2981,0.4247,42.45
291,B,RA,0.2936,0.4679,59.38
292,B,RM,0.2922,0.4035,38.1
292,B,RA,0.2925,0.4503,53.97
293,B,RM,0.2918,0.4006,37.28
293,B,RA,0.3198,0.4391,37.31
294,B,RM,0.2893,0.3668,26.79
294,B,RA,0.2984,0.4462,49.56
295,B,RM,0.291,0.4249,46.02
295,B,RA,0.2904,0.4698,61.75
296,B,RM,0.2948,0.3772,27.96
296,B,RA,0.2887,0.4539,57.23
297,B,RM,0.2808,0.3923,39.71
297,B,RA,0.2877,0.4921,71.02
298,B,RM,0.3055,0.4082,33.61
298,B,RA,0.3055,0.4687,53.41
299,B,RM,0.295,0.4015,36.11
299,B,RA,0.2909,0.4817,65.59
300,B,RM,0.3038,0.3821,25.78
300,B,RA,0.2841,0.4807,69.18
301,B,RM,0.2939,0.3904,32.84
301,B,RA,0.2997,0.4463,48.94
302,B,RM,0.2967,0.381,28.42
302,B,RA,0.2884,0.48,66.42
303,B,RM,0.2996,0.3911,30.56
303,B,RA,0.2988,0.4355,45.73
304,B,RM,0.2868,0.4171,45.41
304,B,RA,0.2893,0.4847,67.51
305,B,RM,0.2971,0.3783,27.35
305,B,RA,0.2913,0.4422,51.81
306,B,RM,0.2815,0.3792,34.71
306,B,RA,0.3034,0.4443,46.46
307,B,RM,0.2881,0.3983,38.23
307,B,RA,0.3019,0.421,39.45
308,B,RM,0.2939,0.4187,42.48
308,B,RA,0.2979,0.4282,43.73
309,B,RM,0.3086,0.4165,34.97
309,B,RA,0.303,0.4539,49.83
310,B,RM,0.2827,0.4046,43.14
310,B,RA,0.3033,0.4838,59.52
311,B,RM,0.2945,0.3838,30.33
311,B,RA,0.2961,0.4458,50.57
312,B,RM,0.2933,0.4033,37.47
312,B,RA,0.2902,0.467,60.95
313,B,RM,0.298,0.3737,25.42
313,B,RA,0.2847,0.4588,61.19
314,B,RM,0.2841,0.3687,29.74
314,B,RA,0.2921,0.4889,67.41
315,B,RM,0.2848,0.4126,44.86
315,B,RA,0.2955,0.4703,59.16
316,B,RM,0.2986,0.4162,39.39
316,B,RA,0.2881,0.4778,65.85
317,B,RM,0.2848,0.4094,43.74
317,B,RA,0.2872,0.4273,48.75
318,B,RM,0.2903,0.3994,37.59
318,B,RA,0.2949,0.4721,60.12
319,B,RM,0.2954,0.4246,43.71
319,B,RA,0.2946,0.4443,50.82
320,B,RM,0.2909,0.4202,44.46
320,B,RA,0.305,0.4414,44.74
321,B,RM,0.294,0.3893,32.42
321,B,RA,0.2964,0.44,48.45
322,B,RM,0.2882,0.3996,38.64
322,B,RA,0.2934,0.4716,60.74
323,B,RM,0.2971,0.3868,30.19
323,B,RA,0.2939,0.4496,53.0
324,B,RM,0.2951,0.3903,32.25
324,B,RA,0.2886,0.4534,57.1
325,B,RM,0.2786,0.387,38.93
325,B,RA,0.2866,0.4728,64.94
326,B,RM,0.2956,0.3853,30.34
326,B,RA,0.2816,0.4726,67.83
327,B,RM,0.303,0.4156,37.15
327,B,RA,0.2896,0.4952,71.02
328,B,RM,0.304,0.3995,31.39
328,B,RA,0.2978,0.4162,39.75
329,B,RM,0.3076,0.3887,26.37
329,B,RA,0.2887,0.49,69.7
330,B,RM,0.2926,0.3726,27.33
330,B,RA,0.2946,0.4591,55.87
331,B,RM,0.2964,0.4112,38.7
331,B,RA,0.2967,0.4693,58.21
332,B,RM,0.2839,0.4223,48.78
332,B,RA,0.2854,0.4562,59.86
333,B,RM,0.2895,0.4188,44.68
333,B,RA,0.2905,0.4375,50.59
334,B,RM,0.2861,0.3713,29.77
334,B,RA,0.2766,0.4546,64.33
335,B,RM,0.3043,0.4017,32.01
335,B,RA,0.2826,0.4583,62.16
336,B,RM,0.2807,0.3757,33.86
336,B,RA,0.2912,0.4662,60.11
337,B,RM,0.2992,0.3967,32.62
337,B,RA,0.2794,0.4514,61.57
338,B,RM,0.2846,0.3784,32.96
338,B,RA,0.2798,0.4393,56.98
339,B,RM,0.2974,0.4066,36.73
339,B,RA,0.3003,0.437,45.54
340,B,RM,0.2876,0.3864,34.34
340,B,RA,0.3062,0.4537,48.15
341,B,RM,0.2785,0.4223,51.63
341,B,RA,0.2852,0.4814,68.8
342,B,RM,0.2762,0.4061,47.0
342,B,RA,0.2932,0.4804,63.86
343,B,RM,0.2986,0.4018,34.54
343,B,RA,0.2922,0.4028,37.86
344,B,RM,0.2944,0.4264,44.8
344,B,RA,0.2998,0.4621,54.13
345,B,RM,0.3023,0.3912,29.38
345,B,RA,0.3067,0.4317,40.75
346,B,RM,0.2983,0.4027,34.99
346,B,RA,0.304,0.4742,56.0
347,B,RM,0.2935,0.3864,31.64
347,B,RA,0.3039,0.4276,40.71
348,B,RM,0.2855,0.3934,37.82
348,B,RA,0.2968,0.4704,58.52
349,B,RM,0.2821,0.4047,43.46
349,B,RA,0.2839,0.4522,59.25
350,B,RM,0.2837,0.3873,36.53
350,B,RA,0.3014,0.4551,51.0
351,B,RM,0.2932,0.3892,32.75
351,B,RA,0.289,0.4649,60.87
352,B,RM,0.2913,0.3779,29.7
352,B,RA,0.2742,0.449,63.75
353,B,RM,0.3011,0.3808,26.46
353,B,RA,0.2984,0.4568,53.1
354,B,RM,0.299,0.4273,42.92
354,B,RA,0.2981,0.4512,51.35
355,B,RM,0.3014,0.4004,32.84
355,B,RA,0.2803,0.4686,67.16
356,B,RM,0.2817,0.4027,42.93
356,B,RA,0.2956,0.4604,55.75
357,B,RM,0.3032,0.3766,24.2
357,B,RA,0.2804,0.445,58.71
358,B,RM,0.2789,0.3991,43.06
358,B,RA,0.2872,0.4719,64.33
359,B,RM,0.3097,0.4141,33.69
359,B,RA,0.2854,0.4252,48.98
360,B,RM,0.2961,0.4203,41.92
360,B,RA,0.3065,0.4893,59.65
361,B,RM,0.3071,0.4098,33.43
361,B,RA,0.2977,0.4559,53.11
362,B,RM,0.2987,0.4138,38.53
362,B,RA,0.283,0.4741,67.5
363,B,RM,0.2863,0.3629,26.76
363,B,RA,0.2859,0.4328,51.39
364,B,RM,0.2967,0.4029,35.8
364,B,RA,0.2945,0.4149,40.91
365,B,RM,0.2989,0.4258,42.43
365,B,RA,0.2819,0.4651,64.97
366,B,RM,0.3009,0.3997,32.86
366,B,RA,0.2903,0.4786,64.86
367,B,RM,0.2963,0.3836,29.49
367,B,RA,0.2817,0.4694,66.62
368,B,RM,0.289,0.4196,45.18
368,B,RA,0.2878,0.4459,54.91
369,B,RM,0.2925,0.4093,39.94
369,B,RA,0.2947,0.4866,65.1
370,B,RM,0.3003,0.4003,33.3
370,B,RA,0.2891,0.465,60.86
371,B,RM,0.2848,0.3995,40.29
371,B,RA,0.2894,0.4461,54.12
372,B,RM,0.2989,0.4006,33.99
372,B,RA,0.2913,0.4707,61.59
373,B,RM,0.2887,0.4043,40.06
373,B,RA,0.2877,0.4747,65.01
374,B,RM,0.2974,0.3861,29.79
374,B,RA,0.3012,0.4646,54.25
375,B,RM,0.3088,0.3489,12.99
375,B,RA,0.2811,0.4225,50.33
376,B,RM,0.3079,0.408,32.51
376,B,RA,0.2876,0.447,55.44
377,B,RM,0.2945,0.4208,42.9
377,B,RA,0.2986,0.4798,60.65
378,B,RM,0.2896,0.3973,37.16
378,B,RA,0.2965,0.4492,51.48
379,B,RM,0.296,0.4255,43.77
379,B,RA,0.2938,0.4497,53.06
380,B,RM,0.2918,0.4138,41.84
380,B,RA,0.2872,0.4399,53.17
381,B,RM,0.2992,0.3789,26.61
381,B,RA,0.2929,0.4792,63.58
382,B,RM,0.2854,0.3907,36.91
382,B,RA,0.2975,0.4227,42.09
383,B,RM,0.298,0.4228,41.88
383,B,RA,0.2925,0.4743,62.14
384,B,RM,0.2853,0.3818,33.82
384,B,RA,0.2957,0.4538,53.44
385,B,RM,0.2863,0.3873,35.3
385,B,RA,0.297,0.4756,60.15
386,B,RM,0.2816,0.3872,37.5
386,B,RA,0.2868,0.45,56.88
387,B,RM,0.3039,0.4057,33.5
387,B,RA,0.2972,0.4554,53.22
388,B,RM,0.2858,0.412,44.13
388,B,RA,0.293,0.44,50.17
389,B,RM,0.2901,0.3664,26.31
389,B,RA,0.2883,0.4643,61.09
390,B,RM,0.2852,0.3832,34.38
390,B,RA,0.2858,0.4769,66.88
391,B,RM,0.2776,0.4113,48.19
391,B,RA,0.288,0.4805,66.85
392,B,RM,0.2992,0.3801,27.02
392,B,RA,0.2935,0.4515,53.84
393,B,RM,0.293,0.3801,29.76
393,B,RA,0.3029,0.4608,52.13
394,B,RM,0.2949,0.4382,48.61
394,B,RA,0.2927,0.4755,62.45
395,B,RM,0.2944,0.3668,24.58
395,B,RA,0.286,0.476,66.44
396,B,RM,0.2877,0.4023,39.83
396,B,RA,0.2914,0.4536,55.65
397,B,RM,0.2897,0.3863,33.34
397,B,RA,0.285,0.4728,65.88
398,B,RM,0.2949,0.3919,32.91
398,B,RA,0.2906,0.4482,54.23
399,B,RM,0.2922,0.3841,31.43
399,B,RA,0.2929,0.4357,48.76
400,B,RM,0.2971,0.4473,50.59
400,B,RA,0.2919,0.4539,55.5
401,B,RM,0.2954,0.3979,34.71
401,B,RA,0.2844,0.4634,62.93
402,B,RM,0.2953,0.3967,34.36
402,B,RA,0.3098,0.4471,44.33
403,B,RM,0.2723,0.3815,40.13
403,B,RA,0.2874,0.4491,56.24
404,B,RM,0.2922,0.4051,38.63
404,B,RA,0.2816,0.4751,68.72
405,B,RM,0.302,0.4077,35.02
405,B,RA,0.275,0.4825,75.48
406,B,RM,0.2972,0.3925,32.04
406,B,RA,0.3,0.4514,50.45
407,B,RM,0.293,0.3932,34.2
407,B,RA,0.2933,0.4693,59.99
408,B,RM,0.3061,0.3717,21.41
408,B,RA,0.2952,0.4373,48.13
409,B,RM,0.3072,0.3804,23.85
409,B,RA,0.2857,0.4854,69.9
410,B,RM,0.2886,0.3626,25.65
410,B,RA,0.3042,0.4266,40.23
411,B,RM,0.3026,0.3836,26.74
411,B,RA,0.2918,0.4232,45.01
412,B,RM,0.2966,0.3471,17.01
412,B,RA,0.2972,0.4414,48.49
413,B,RM,0.281,0.3884,38.22
413,B,RA,0.2884,0.4722,63.71
414,B,RM,0.2952,0.3779,28.03
414,B,RA,0.2868,0.4735,65.11
415,B,RM,0.2942,0.3959,34.57
415,B,RA,0.2935,0.4706,60.35
416,B,RM,0.2969,0.3801,28.03
416,B,RA,0.2818,0.4574,62.3
417,B,RM,0.3032,0.3657,20.61
417,B,RA,0.29,0.4631,59.7
418,B,RM,0.2822,0.3915,38.74
418,B,RA,0.2911,0.4921,69.02
419,B,RM,0.3035,0.3857,27.1
419,B,RA,0.2889,0.4396,52.19
420,B,RM,0.2879,0.3793,31.73
420,B,RA,0.3008,0.475,57.93
421,B,RM,0.3009,0.4034,34.08
421,B,RA,0.2917,0.4754,62.97
422,B,RM,0.3039,0.3993,31.38
422,B,RA,0.3015,0.5029,66.76
423,B,RM,0.2911,0.4151,42.58
423,B,RA,0.29,0.4596,58.5
424,B,RM,0.2978,0.4317,44.98
424,B,RA,0.2905,0.4496,54.77
425,B,RM,0.2946,0.3904,32.51
425,B,RA,0.2871,0.4174,45.42
426,B,RM,0.2908,0.4123,41.78
426,B,RA,0.2967,0.4538,52.95
427,B,RM,0.2951,0.385,30.46
427,B,RA,0.2942,0.4305,46.31
428,B,RM,0.3102,0.4114,32.62
428,B,RA,0.2933,0.4777,62.88
429,B,RM,0.3073,0.3656,18.96
429,B,RA,0.2782,0.4532,62.88
430,B,RM,0.2947,0.3793,28.71
430,B,RA,0.3002,0.483,60.88
431,B,RM,0.2966,0.3899,31.46
431,B,RA,0.2995,0.4775,59.44
432,B,RM,0.2955,0.3959,33.97
432,B,RA,0.29,0.4341,49.69
433,B,RM,0.2914,0.4064,39.5
433,B,RA,0.2953,0.4756,61.06
434,B,RM,0.2988,0.4199,40.51
434,B,RA,0.2819,0.4412,56.5
435,B,RM,0.2928,0.3835,30.98
435,B,RA,0.2858,0.4749,66.17
436,B,RM,0.2936,0.4129,40.6
436,B,RA,0.2906,0.486,67.23
437,B,RM,0.2964,0.3796,28.08
437,B,RA,0.2941,0.4393,49.37
438,B,RM,0.2738,0.4304,57.23
438,B,RA,0.3027,0.4466,47.54
439,B,RM,0.2868,0.407,41.94
439,B,RA,0.2868,0.4544,58.42
440,B,RM,0.286,0.4186,46.38
440,B,RA,0.2943,0.4478,52.17
441,B,RM,0.2916,0.3779,29.61
441,B,RA,0.3136,0.4327,37.96
442,B,RM,0.2808,0.4342,54.64
442,B,RA,0.2884,0.4566,58.34
443,B,RM,0.2773,0.401,44.62
443,B,RA,0.2933,0.4477,52.63
444,B,RM,0.2917,0.4196,43.85
444,B,RA,0.294,0.4819,63.95
445,B,RM,0.2925,0.3706,26.69
445,B,RA,0.2885,0.4748,64.6
446,B,RM,0.2918,0.3752,28.59
446,B,RA,0.2926,0.4452,52.16
447,B,RM,0.2835,0.4066,43.41
447,B,RA,0.3086,0.4275,38.52
448,B,RM,0.3022,0.3925,29.9
448,B,RA,0.2942,0.4457,51.49
449,B,RM,0.3074,0.3659,19.05
449,B,RA,0.2923,0.4335,48.3
450,B,RM,0.294,0.3689,25.49
450,B,RA,0.2927,0.4825,64.88
451,B,RM,0.2817,0.3899,38.4
451,B,RA,0.2878,0.4612,60.22
452,B,RM,0.2873,0.427,48.66
452,B,RA,0.3038,0.4594,51.21
453,B,RM,0.3027,0.4102,35.53
453,B,RA,0.3064,0.4674,52.57
454,B,RM,0.2954,0.374,26.62
454,B,RA,0.2911,0.4345,49.26
455,B,RM,0.2941,0.4234,43.97
455,B,RA,0.2956,0.452,52.88
456,B,RM,0.3003,0.3985,32.68
456,B,RA,0.3002,0.489,62.9
457,B,RM,0.2893,0.4208,45.47
457,B,RA,0.2962,0.4955,67.28
458,B,RM,0.2926,0.393,34.31
458,B,RA,0.3114,0.4437,42.47
459,B,RM,0.2926,0.4176,42.73
459,B,RA,0.2945,0.4584,55.68
460,B,RM,0.2919,0.392,34.31
460,B,RA,0.2947,0.4473,51.76
461,B,RM,0.298,0.4089,37.22
461,B,RA,0.3001,0.4573,52.35
462,B,RM,0.2994,0.3931,31.28
462,B,RA,0.3057,0.4517,47.76
463,B,RM,0.2873,0.4111,43.07
463,B,RA,0.2997,0.446,48.83
464,B,RM,0.2884,0.396,37.33
464,B,RA,0.2855,0.461,61.49
465,B,RM,0.2859,0.4038,41.23
465,B,RA,0.2939,0.4532,54.17
466,B,RM,0.2944,0.401,36.19
466,B,RA,0.2932,0.4267,45.53
467,B,RM,0.3049,0.3976,30.42
467,B,RA,0.2834,0.4496,58.67
468,B,RM,0.2969,0.3716,25.15
468,B,RA,0.289,0.4465,54.49
469,B,RM,0.3014,0.4157,37.95
469,B,RA,0.273,0.442,61.92
470,B,RM,0.3037,0.4084,34.46
470,B,RA,0.294,0.4474,52.17
471,B,RM,0.291,0.3826,31.47
471,B,RA,0.2819,0.4678,65.93
472,B,RM,0.3012,0.395,31.14
472,B,RA,0.2881,0.4506,56.39
473,B,RM,0.2986,0.3821,27.98
473,B,RA,0.2947,0.4606,56.27
474,B,RM,0.283,0.4191,48.07
474,B,RA,0.2828,0.4555,61.08
475,B,RM,0.281,0.4034,43.57
475,B,RA,0.2818,0.4408,56.43
476,B,RM,0.3053,0.385,26.09
476,B,RA,0.2849,0.44,54.46
477,B,RM,0.285,0.4026,41.25
477,B,RA,0.3016,0.4524,50.0
478,B,RM,0.2981,0.4337,45.49
478,B,RA,0.2963,0.4814,62.47
479,B,RM,0.2888,0.3868,33.94
479,B,RA,0.2991,0.4544,51.89
480,B,RM,0.2759,0.4324,56.73
480,B,RA,0.2952,0.4429,50.0
481,B,RM,0.2887,0.4029,39.56
481,B,RA,0.2848,0.4728,65.98
482,B,RM,0.2965,0.4411,48.78
482,B,RA,0.3061,0.487,59.11
483,B,RM,0.2932,0.3921,33.73
483,B,RA,0.298,0.461,54.72
484,B,RM,0.3063,0.4056,32.41
484,B,RA,0.2925,0.473,61.7
485,B,RM,0.2886,0.3878,34.39
485,B,RA,0.2876,0.4821,67.66
486,B,RM,0.2999,0.3771,25.76
486,B,RA,0.2934,0.4716,60.75
487,B,RM,0.2959,0.3941,33.17
487,B,RA,0.2897,0.4725,63.13
488,B,RM,0.2827,0.3912,38.4
488,B,RA,0.2925,0.4675,59.82
489,B,RM,0.2837,0.3993,40.74
489,B,RA,0.3105,0.4663,50.19
490,B,RM,0.2827,0.4119,45.69
490,B,RA,0.2877,0.4451,54.7
491,B,RM,0.2972,0.4191,41.01
491,B,RA,0.3041,0.4481,47.35
492,B,RM,0.2894,0.3866,33.59
492,B,RA,0.3002,0.4585,52.73
493,B,RM,0.2942,0.3858,31.13
493,B,RA,0.2947,0.4565,54.94
494,B,RM,0.2982,0.4056,36.01
494,B,RA,0.2898,0.4517,55.85
495,B,RM,0.2899,0.372,28.33
495,B,RA,0.2965,0.4437,49.64
496,B,RM,0.2897,0.4068,40.42
496,B,RA,0.2982,0.4599,54.23
497,B,RM,0.2946,0.4013,36.23
497,B,RA,0.2902,0.4706,62.15
498,B,RM,0.2808,0.4085,45.48
498,B,RA,0.2943,0.4254,44.54
499,B,RM,0.2973,0.3961,33.23
499,B,RA,0.2927,0.4455,52.21
500,B,RM,0.3011,0.3907,29.75
500,B,RA,0.2909,0.4658,60.16
1,C,RM,0.4728,0.5745,21.51
1,C,RA,0.4583,0.6406,39.76
2,C,RM,0.4492,0.5711,27.12
2,C,RA,0.4553,0.6263,37.54
3,C,RM,0.4686,0.5778,23.31
3,C,RA,0.4645,0.6204,33.56
4,C,RM,0.4566,0.5682,24.44
4,C,RA,0.4588,0.673,46.67
5,C,RM,0.4639,0.5462,17.73
5,C,RA,0.4638,0.6044,30.31
6,C,RM,0.4744,0.5647,19.03
6,C,RA,0.4736,0.6585,39.04
7,C,RM,0.4541,0.5615,23.65
7,C,RA,0.4755,0.6428,35.19
8,C,RM,0.4679,0.5543,18.48
8,C,RA,0.4567,0.6469,41.65
9,C,RM,0.4637,0.5792,24.9
9,C,RA,0.4522,0.6132,35.61
10,C,RM,0.4612,0.58,25.76
10,C,RA,0.4834,0.6246,29.2
11,C,RM,0.4662,0.5564,19.36
11,C,RA,0.471,0.62,31.62
12,C,RM,0.4707,0.5536,17.61
12,C,RA,0.4448,0.6443,44.83
13,C,RM,0.4681,0.6001,28.18
13,C,RA,0.4746,0.6615,39.4
14,C,RM,0.4527,0.5616,24.07
14,C,RA,0.4517,0.6278,38.98
15,C,RM,0.4598,0.5785,25.81
15,C,RA,0.4597,0.6266,36.29
16,C,RM,0.4621,0.5753,24.51
16,C,RA,0.4721,0.6369,34.89
17,C,RM,0.471,0.5775,22.6
17,C,RA,0.4501,0.6124,36.06
18,C,RM,0.4448,0.5687,27.85
18,C,RA,0.4579,0.6536,42.73
19,C,RM,0.463,0.5673,22.53
19,C,RA,0.4709,0.6186,31.38
20,C,RM,0.4632,0.5341,15.3
20,C,RA,0.4632,0.6521,40.79
21,C,RM,0.469,0.5861,24.97
21,C,RA,0.4633,0.6294,35.86
22,C,RM,0.4558,0.5386,18.17
22,C,RA,0.4665,0.6242,33.81
23,C,RM,0.4722,0.5511,16.72
23,C,RA,0.4613,0.6392,38.57
24,C,RM,0.4614,0.5661,22.68
24,C,RA,0.4624,0.6486,40.27
25,C,RM,0.4649,0.5758,23.85
25,C,RA,0.4633,0.6321,36.44
26,C,RM,0.4658,0.5344,14.72
26,C,RA,0.4628,0.6412,38.56
27,C,RM,0.4635,0.5393,16.35
27,C,RA,0.4579,0.6543,42.9
28,C,RM,0.4545,0.5785,27.28
28,C,RA,0.4499,0.6473,43.89
29,C,RM,0.4611,0.5822,26.25
29,C,RA,0.4665,0.618,32.46
30,C,RM,0.4691,0.5721,21.95
30,C,RA,0.4757,0.6575,38.22
31,C,RM,0.4673,0.5413,15.85
31,C,RA,0.4592,0.6426,39.94
32,C,RM,0.4572,0.5886,28.76
32,C,RA,0.4582,0.6382,39.27
33,C,RM,0.4562,0.6018,31.9
33,C,RA,0.4569,0.6104,33.58
34,C,RM,0.4581,0.56,22.25
34,C,RA,0.4719,0.6495,37.65
35,C,RM,0.4663,0.5595,19.97
35,C,RA,0.4637,0.615,32.63
36,C,RM,0.4679,0.5509,17.75
36,C,RA,0.4666,0.6221,33.32
37,C,RM,0.4629,0.5637,21.77
37,C,RA,0.4793,0.5903,23.16
38,C,RM,0.4494,0.5722,27.33
38,C,RA,0.4473,0.6586,47.23
39,C,RM,0.4559,0.5719,25.43
39,C,RA,0.4619,0.6385,38.23
40,C,RM,0.466,0.5646,21.17
40,C,RA,0.4683,0.6517,39.16
41,C,RM,0.4665,0.5706,22.3
41,C,RA,0.4664,0.6415,37.55
42,C,RM,0.4416,0.5452,23.45
42,C,RA,0.4658,0.6481,39.15
43,C,RM,0.4666,0.5756,23.37
43,C,RA,0.4618,0.6438,39.41
44,C,RM,0.4567,0.5741,25.72
44,C,RA,0.4697,0.637,35.61
45,C,RM,0.4628,0.5564,20.22
45,C,RA,0.4693,0.6597,40.56
46,C,RM,0.4604,0.5609,21.83
46,C,RA,0.4627,0.6126,32.41
47,C,RM,0.4689,0.5768,23.01
47,C,RA,0.461,0.628,36.24
48,C,RM,0.4648,0.5753,23.78
48,C,RA,0.4458,0.6259,40.4
49,C,RM,0.4739,0.5746,21.26
49,C,RA,0.4593,0.6244,35.96
50,C,RM,0.4647,0.5688,22.42
50,C,RA,0.4571,0.6539,43.04
51,C,RM,0.468,0.5879,25.62
51,C,RA,0.4555,0.6433,41.25
52,C,RM,0.4743,0.5704,20.27
52,C,RA,0.4547,0.6226,36.94
53,C,RM,0.4619,0.5593,21.1
53,C,RA,0.4562,0.5941,30.23
54,C,RM,0.463,0.5572,20.35
54,C,RA,0.4635,0.636,37.22
55,C,RM,0.4582,0.5617,22.59
55,C,RA,0.4603,0.6477,40.73
56,C,RM,0.4608,0.5799,25.85
56,C,RA,0.4599,0.6636,44.29
57,C,RM,0.4742,0.5734,20.93
57,C,RA,0.4585,0.6335,38.16
58,C,RM,0.4599,0.5525,20.13
58,C,RA,0.4705,0.6523,38.63
59,C,RM,0.4539,0.6021,32.65
59,C,RA,0.4653,0.6538,40.51
60,C,RM,0.4583,0.5658,23.45
60,C,RA,0.4515,0.6331,40.24
61,C,RM,0.4654,0.5715,22.8
61,C,RA,0.4539,0.626,37.9
62,C,RM,0.4751,0.5862,23.37
62,C,RA,0.4666,0.6116,31.09
63,C,RM,0.4548,0.5225,14.88
63,C,RA,0.4665,0.6345,36.03
64,C,RM,0.4711,0.5784,22.79
64,C,RA,0.4464,0.6384,43.0
65,C,RM,0.4649,0.6003,29.13
65,C,RA,0.4532,0.6487,43.13
66,C,RM,0.4647,0.5573,19.93
66,C,RA,0.458,0.6159,34.48
67,C,RM,0.4493,0.5818,29.51
67,C,RA,0.4633,0.6524,40.81
68,C,RM,0.469,0.5444,16.07
68,C,RA,0.4521,0.6336,40.15
69,C,RM,0.4624,0.5776,24.89
69,C,RA,0.4602,0.6441,39.98
70,C,RM,0.4439,0.5767,29.91
70,C,RA,0.4663,0.621,33.17
71,C,RM,0.467,0.5564,19.15
71,C,RA,0.4512,0.6418,42.24
72,C,RM,0.4407,0.6109,38.63
72,C,RA,0.4576,0.6186,35.2
73,C,RM,0.4562,0.5642,23.69
73,C,RA,0.465,0.6244,34.26
74,C,RM,0.4499,0.5353,18.99
74,C,RA,0.4677,0.6731,43.9
75,C,RM,0.4602,0.5642,22.59
75,C,RA,0.4695,0.6277,33.7
76,C,RM,0.4726,0.547,15.73
76,C,RA,0.4716,0.6435,36.45
77,C,RM,0.4649,0.5831,25.41
77,C,RA,0.4723,0.6261,32.57
78,C,RM,0.46,0.5857,27.31
78,C,RA,0.4571,0.632,38.28
79,C,RM,0.4577,0.5648,23.4
79,C,RA,0.4682,0.6441,37.58
80,C,RM,0.448,0.6036,34.74
80,C,RA,0.4716,0.6474,37.27
81,C,RM,0.4611,0.5665,22.85
81,C,RA,0.4656,0.6207,33.31
82,C,RM,0.4707,0.5531,17.5
82,C,RA,0.4579,0.6304,37.66
83,C,RM,0.4682,0.5864,25.23
83,C,RA,0.457,0.6211,35.92
84,C,RM,0.4587,0.5874,28.07
84,C,RA,0.4542,0.6396,40.84
85,C,RM,0.4606,0.5271,14.45
85,C,RA,0.46,0.6441,40.02
86,C,RM,0.4589,0.5347,16.5
86,C,RA,0.4718,0.6126,29.84
87,C,RM,0.466,0.547,17.37
87,C,RA,0.46,0.6264,36.16
88,C,RM,0.4591,0.545,18.72
88,C,RA,0.4615,0.6277,36.0
89,C,RM,0.455,0.5599,23.07
89,C,RA,0.474,0.6458,36.26
90,C,RM,0.4758,0.5714,20.08
90,C,RA,0.4728,0.6078,28.55
91,C,RM,0.4616,0.5527,19.73
91,C,RA,0.4564,0.639,40.0
92,C,RM,0.4534,0.5748,26.78
92,C,RA,0.4868,0.6054,24.36
93,C,RM,0.4691,0.6134,30.76
93,C,RA,0.4784,0.649,35.66
94,C,RM,0.4662,0.5906,26.7
94,C,RA,0.4677,0.6147,31.43
95,C,RM,0.4664,0.5487,17.64
95,C,RA,0.4729,0.6354,34.38
96,C,RM,0.473,0.5835,23.34
96,C,RA,0.4769,0.6202,30.04
97,C,RM,0.4691,0.5705,21.63
97,C,RA,0.4649,0.6383,37.3
98,C,RM,0.4559,0.565,23.93
98,C,RA,0.4518,0.6416,42.01
99,C,RM,0.4647,0.5948,27.99
99,C,RA,0.461,0.6456,40.02
100,C,RM,0.4641,0.5945,28.09
100,C,RA,0.4653,0.624,34.13
101,C,RM,0.4777,0.5515,15.45
101,C,RA,0.4709,0.6014,27.7
102,C,RM,0.4628,0.5667,22.46
102,C,RA,0.4748,0.6691,40.9
103,C,RM,0.4466,0.5497,23.09
103,C,RA,0.4581,0.6417,40.09
104,C,RM,0.4596,0.5933,29.1
104,C,RA,0.4516,0.6538,44.79
105,C,RM,0.4808,0.5936,23.47
105,C,RA,0.4619,0.6401,38.59
106,C,RM,0.4633,0.5579,20.43
106,C,RA,0.465,0.6629,42.56
107,C,RM,0.4708,0.5772,22.6
107,C,RA,0.4741,0.6562,38.41
108,C,RM,0.4605,0.5972,29.7
108,C,RA,0.4667,0.6201,32.86
109,C,RM,0.4774,0.5519,15.6
109,C,RA,0.4672,0.6381,36.57
110,C,RM,0.4565,0.5693,24.71
110,C,RA,0.4522,0.6399,41.51
111,C,RM,0.448,0.5935,32.47
111,C,RA,0.4594,0.6264,36.34
112,C,RM,0.4535,0.5661,24.83
112,C,RA,0.4717,0.613,29.95
113,C,RM,0.4666,0.5666,21.44
113,C,RA,0.4703,0.6461,37.38
114,C,RM,0.4591,0.531,15.64
114,C,RA,0.4569,0.6328,38.5
115,C,RM,0.4574,0.5475,19.7
115,C,RA,0.4729,0.6341,34.09
116,C,RM,0.4642,0.5387,16.03
116,C,RA,0.4622,0.641,38.69
117,C,RM,0.4566,0.5503,20.51
117,C,RA,0.4599,0.6429,39.79
118,C,RM,0.4703,0.5729,21.81
118,C,RA,0.463,0.6329,36.69
119,C,RM,0.464,0.5883,26.79
119,C,RA,0.469,0.6413,36.76
120,C,RM,0.4784,0.5838,22.03
120,C,RA,0.4826,0.6188,28.23
121,C,RM,0.4453,0.5649,26.87
121,C,RA,0.4666,0.5949,27.49
122,C,RM,0.4787,0.5764,20.41
122,C,RA,0.4543,0.6429,41.51
123,C,RM,0.4672,0.5902,26.34
123,C,RA,0.467,0.6225,33.31
124,C,RM,0.4586,0.6102,33.05
124,C,RA,0.4508,0.635,40.85
125,C,RM,0.4515,0.601,33.11
125,C,RA,0.4674,0.6324,35.31
126,C,RM,0.453,0.5524,21.96
126,C,RA,0.4753,0.6641,39.73
127,C,RM,0.4569,0.603,31.97
127,C,RA,0.4632,0.6396,38.1
128,C,RM,0.466,0.5794,24.33
128,C,RA,0.4554,0.6593,44.78
129,C,RM,0.4618,0.5616,21.62
129,C,RA,0.4703,0.6497,38.16
130,C,RM,0.4747,0.5819,22.57
130,C,RA,0.455,0.6562,44.22
131,C,RM,0.457,0.577,26.26
131,C,RA,0.4594,0.6308,37.31
132,C,RM,0.4654,0.5489,17.94
132,C,RA,0.448,0.6697,49.49
133,C,RM,0.4512,0.5316,17.82
133,C,RA,0.4561,0.6469,41.82
134,C,RM,0.4806,0.5778,20.23
134,C,RA,0.471,0.6447,36.89
135,C,RM,0.4654,0.5687,22.18
135,C,RA,0.4678,0.6375,36.27
136,C,RM,0.473,0.5727,21.07
136,C,RA,0.4639,0.6578,41.81
137,C,RM,0.4714,0.5786,22.74
137,C,RA,0.467,0.6274,34.35
138,C,RM,0.4457,0.5958,33.69
138,C,RA,0.4673,0.6335,35.55
139,C,RM,0.4705,0.5464,16.14
139,C,RA,0.4601,0.666,44.77
140,C,RM,0.4574,0.595,30.08
140,C,RA,0.4704,0.6253,32.93
141,C,RM,0.4597,0.5934,29.09
141,C,RA,0.4565,0.6236,36.61
142,C,RM,0.4557,0.554,21.58
142,C,RA,0.4698,0.6414,36.52
143,C,RM,0.4596,0.5573,21.27
143,C,RA,0.4597,0.6466,40.68
144,C,RM,0.4388,0.5734,30.68
144,C,RA,0.4565,0.6172,35.21
145,C,RM,0.4661,0.5518,18.38
145,C,RA,0.4476,0.6312,41.02
146,C,RM,0.4464,0.5725,28.26
146,C,RA,0.4606,0.641,39.16
147,C,RM,0.4591,0.5738,24.98
147,C,RA,0.4587,0.6035,31.58
148,C,RM,0.4657,0.5689,22.17
148,C,RA,0.4635,0.6489,40.0
149,C,RM,0.4612,0.5572,20.8
149,C,RA,0.453,0.6391,41.09
150,C,RM,0.4633,0.5519,19.12
150,C,RA,0.4501,0.6694,48.73
151,C,RM,0.4728,0.5917,25.15
151,C,RA,0.4621,0.6303,36.39
152,C,RM,0.4615,0.5728,24.12
152,C,RA,0.4588,0.6552,42.82
153,C,RM,0.4609,0.5347,16.01
153,C,RA,0.4661,0.646,38.58
154,C,RM,0.464,0.6002,29.36
154,C,RA,0.4632,0.6404,38.26
155,C,RM,0.456,0.6131,34.45
155,C,RA,0.4687,0.6542,39.56
156,C,RM,0.4648,0.5719,23.05
156,C,RA,0.4628,0.6324,36.66
157,C,RM,0.4624,0.5565,20.36
157,C,RA,0.4593,0.6248,36.02
158,C,RM,0.464,0.584,25.87
158,C,RA,0.4605,0.6397,38.91
159,C,RM,0.4737,0.5767,21.76
159,C,RA,0.4604,0.6464,40.4
160,C,RM,0.4465,0.581,30.12
160,C,RA,0.4473,0.6633,48.28
161,C,RM,0.4755,0.5351,12.52
161,C,RA,0.4654,0.615,32.14
162,C,RM,0.4692,0.5834,24.34
162,C,RA,0.455,0.6488,42.59
163,C,RM,0.4452,0.56,25.77
163,C,RA,0.4578,0.6283,37.26
164,C,RM,0.466,0.546,17.18
164,C,RA,0.4477,0.6266,39.96
165,C,RM,0.4675,0.5823,24.57
165,C,RA,0.4628,0.6162,33.14
166,C,RM,0.4703,0.5555,18.11
166,C,RA,0.4656,0.6106,31.14
167,C,RM,0.4654,0.5391,15.83
167,C,RA,0.4625,0.6372,37.77
168,C,RM,0.4637,0.5774,24.53
168,C,RA,0.471,0.6416,36.22
169,C,RM,0.4796,0.6017,25.46
169,C,RA,0.4725,0.6126,29.65
170,C,RM,0.4652,0.5908,27.01
170,C,RA,0.4676,0.6322,35.19
171,C,RM,0.4617,0.5534,19.86
171,C,RA,0.4718,0.6641,40.74
172,C,RM,0.4599,0.564,22.64
172,C,RA,0.4592,0.6422,39.83
173,C,RM,0.4606,0.6072,31.82
173,C,RA,0.4697,0.6467,37.69
174,C,RM,0.464,0.5378,15.9
174,C,RA,0.4637,0.6088,31.3
175,C,RM,0.4782,0.573,19.83
175,C,RA,0.471,0.6359,35.0
176,C,RM,0.4586,0.5923,29.16
176,C,RA,0.4732,0.6134,29.62
177,C,RM,0.458,0.5401,17.93
177,C,RA,0.4633,0.6494,40.15
178,C,RM,0.4704,0.5873,24.85
178,C,RA,0.4582,0.6542,42.79
179,C,RM,0.4596,0.5323,15.81
179,C,RA,0.4516,0.6563,45.33
180,C,RM,0.4679,0.6109,30.56
180,C,RA,0.4633,0.59,27.33
181,C,RM,0.4619,0.5745,24.37
181,C,RA,0.4675,0.6237,33.4
182,C,RM,0.4638,0.5429,17.05
182,C,RA,0.469,0.6546,39.56
183,C,RM,0.4626,0.5914,27.84
183,C,RA,0.4635,0.6449,39.15
184,C,RM,0.4498,0.547,21.61
184,C,RA,0.4731,0.6245,32.0
185,C,RM,0.4645,0.5923,27.51
185,C,RA,0.4661,0.5924,27.1
186,C,RM,0.467,0.5576,19.42
186,C,RA,0.4711,0.6356,34.93
187,C,RM,0.482,0.5459,13.25
187,C,RA,0.4613,0.631,36.78
188,C,RM,0.4538,0.5697,25.52
188,C,RA,0.4447,0.6365,43.11
189,C,RM,0.4796,0.545,13.63
189,C,RA,0.4715,0.6429,36.33
190,C,RM,0.4555,0.5323,16.87
190,C,RA,0.4635,0.6301,35.94
191,C,RM,0.4673,0.6132,31.23
191,C,RA,0.4743,0.6798,43.33
192,C,RM,0.4482,0.5738,28.02
192,C,RA,0.4664,0.6346,36.08
193,C,RM,0.4603,0.5765,25.25
193,C,RA,0.4604,0.6322,37.32
194,C,RM,0.4577,0.5843,27.68
194,C,RA,0.4557,0.6248,37.12
195,C,RM,0.473,0.607,28.31
195,C,RA,0.4574,0.6969,52.36
196,C,RM,0.4678,0.5723,22.35
196,C,RA,0.4658,0.6364,36.62
197,C,RM,0.4626,0.567,22.58
197,C,RA,0.471,0.6162,30.84
198,C,RM,0.4606,0.5378,16.76
198,C,RA,0.4595,0.6497,41.38
199,C,RM,0.4635,0.5744,23.92
199,C,RA,0.4832,0.6386,32.16
200,C,RM,0.4603,0.548,19.04
200,C,RA,0.4597,0.654,42.25
201,C,RM,0.4636,0.5653,21.95
201,C,RA,0.4687,0.6462,37.89
202,C,RM,0.464,0.5642,21.62
202,C,RA,0.4621,0.642,38.91
203,C,RM,0.455,0.5882,29.27
203,C,RA,0.4605,0.6283,36.43
204,C,RM,0.4696,0.5682,21.0
204,C,RA,0.4667,0.635,36.08
205,C,RM,0.4686,0.567,21.0
205,C,RA,0.4633,0.6347,37.02
206,C,RM,0.4764,0.5695,19.54
206,C,RA,0.4716,0.6404,35.81
207,C,RM,0.4611,0.5818,26.16
207,C,RA,0.465,0.6456,38.83
208,C,RM,0.4633,0.5679,22.6
208,C,RA,0.4628,0.6255,35.15
209,C,RM,0.4624,0.5634,21.83
209,C,RA,0.462,0.6377,38.04
210,C,RM,0.4501,0.5712,26.9
210,C,RA,0.4555,0.6058,33.0
211,C,RM,0.466,0.5767,23.75
211,C,RA,0.4584,0.6323,37.93
212,C,RM,0.4703,0.5567,18.37
212,C,RA,0.475,0.6551,37.92
213,C,RM,0.4512,0.548,21.45
213,C,RA,0.4628,0.6304,36.2
214,C,RM,0.4764,0.5835,22.49
214,C,RA,0.4537,0.6404,41.15
215,C,RM,0.469,0.5758,22.77
215,C,RA,0.4589,0.6466,40.91
216,C,RM,0.4685,0.5702,21.69
216,C,RA,0.4702,0.6417,36.46
217,C,RM,0.4587,0.5682,23.87
217,C,RA,0.4543,0.6599,45.27
218,C,RM,0.4626,0.5472,18.29
218,C,RA,0.472,0.6477,37.2
219,C,RM,0.457,0.5588,22.28
219,C,RA,0.459,0.6379,38.99
220,C,RM,0.4499,0.5883,30.77
220,C,RA,0.464,0.6542,40.98
221,C,RM,0.4517,0.5715,26.54
221,C,RA,0.4713,0.6326,34.21
222,C,RM,0.4661,0.5647,21.16
222,C,RA,0.4594,0.6705,45.96
223,C,RM,0.4514,0.5557,23.1
223,C,RA,0.478,0.6744,41.09
224,C,RM,0.4709,0.552,17.24
224,C,RA,0.4569,0.643,40.74
225,C,RM,0.4618,0.59,27.75
225,C,RA,0.4793,0.6488,35.35
226,C,RM,0.4724,0.5682,20.27
226,C,RA,0.4705,0.6577,39.77
227,C,RM,0.4764,0.5685,19.32
227,C,RA,0.4678,0.6168,31.86
228,C,RM,0.4521,0.5561,23.0
228,C,RA,0.4646,0.6383,37.39
229,C,RM,0.4733,0.5849,23.58
229,C,RA,0.4519,0.6286,39.11
230,C,RM,0.4633,0.5648,21.92
230,C,RA,0.4528,0.607,34.05
231,C,RM,0.462,0.5695,23.27
231,C,RA,0.4632,0.6452,39.28
232,C,RM,0.466,0.5804,24.53
232,C,RA,0.4649,0.6177,32.88
233,C,RM,0.4546,0.5778,27.08
233,C,RA,0.4662,0.6173,32.41
234,C,RM,0.4604,0.559,21.42
234,C,RA,0.4674,0.6621,41.65
235,C,RM,0.4531,0.5474,20.82
235,C,RA,0.4737,0.6471,36.6
236,C,RM,0.4692,0.5812,23.86
236,C,RA,0.4654,0.6592,41.64
237,C,RM,0.4618,0.5662,22.62
237,C,RA,0.4674,0.6578,40.72
238,C,RM,0.4402,0.5523,25.48
238,C,RA,0.4462,0.6569,47.23
239,C,RM,0.4606,0.5547,20.43
239,C,RA,0.4675,0.6338,35.56
240,C,RM,0.453,0.5251,15.9
240,C,RA,0.4616,0.5951,28.91
241,C,RM,0.4665,0.565,21.11
241,C,RA,0.4595,0.65,41.45
242,C,RM,0.4651,0.6033,29.72
242,C,RA,0.4592,0.6192,34.83
243,C,RM,0.4643,0.5467,17.74
243,C,RA,0.4626,0.6205,34.14
244,C,RM,0.4573,0.569,24.41
244,C,RA,0.4513,0.6341,40.52
245,C,RM,0.4559,0.5736,25.83
245,C,RA,0.4677,0.6686,42.96
246,C,RM,0.457,0.5726,25.28
246,C,RA,0.4528,0.6204,37.0
247,C,RM,0.4746,0.598,26.02
247,C,RA,0.4676,0.6074,29.9
248,C,RM,0.4572,0.5857,28.09
248,C,RA,0.457,0.6216,36.02
249,C,RM,0.4647,0.557,19.88
249,C,RA,0.4592,0.6594,43.61
250,C,RM,0.4599,0.5816,26.46
250,C,RA,0.4542,0.6472,42.49
251,C,RM,0.4529,0.5555,22.67
251,C,RA,0.4558,0.6341,39.12
252,C,RM,0.4762,0.5705,19.81
252,C,RA,0.4745,0.6414,35.18
253,C,RM,0.4539,0.5581,22.95
253,C,RA,0.4473,0.6398,43.06
254,C,RM,0.4681,0.5412,15.63
254,C,RA,0.4585,0.6547,42.77
255,C,RM,0.471,0.5241,11.28
255,C,RA,0.4583,0.6385,39.31
256,C,RM,0.4553,0.5558,22.07
256,C,RA,0.4591,0.6444,40.36
257,C,RM,0.4683,0.5649,20.61
257,C,RA,0.4787,0.5979,24.92
258,C,RM,0.4669,0.5405,15.74
258,C,RA,0.4715,0.631,33.83
259,C,RM,0.4491,0.5366,19.49
259,C,RA,0.4692,0.6445,37.37
260,C,RM,0.4831,0.5685,17.69
260,C,RA,0.466,0.6197,32.98
261,C,RM,0.4444,0.5552,24.95
261,C,RA,0.4663,0.6503,39.45
262,C,RM,0.4753,0.5382,13.23
262,C,RA,0.4612,0.6716,45.63
263,C,RM,0.4543,0.5661,24.62
263,C,RA,0.4726,0.5942,25.74
264,C,RM,0.464,0.5785,24.68
264,C,RA,0.4571,0.6598,44.35
265,C,RM,0.4662,0.5628,20.71
265,C,RA,0.4592,0.6419,39.8
266,C,RM,0.4743,0.5711,20.41
266,C,RA,0.4693,0.6346,35.23
267,C,RM,0.453,0.5907,30.39
267,C,RA,0.4779,0.6097,27.57
268,C,RM,0.4585,0.5944,29.64
268,C,RA,0.4522,0.6054,33.89
269,C,RM,0.4687,0.576,22.88
269,C,RA,0.4573,0.663,44.98
270,C,RM,0.4643,0.5792,24.75
270,C,RA,0.4639,0.6127,32.07
271,C,RM,0.4676,0.5732,22.57
271,C,RA,0.4631,0.6491,40.16
272,C,RM,0.452,0.5448,20.54
272,C,RA,0.4606,0.6568,42.58
273,C,RM,0.4718,0.5651,19.78
273,C,RA,0.4595,0.6701,45.83
274,C,RM,0.4422,0.557,25.98
274,C,RA,0.4582,0.6123,33.62
275,C,RM,0.4732,0.5668,19.77
275,C,RA,0.4714,0.6215,31.83
276,C,RM,0.4599,0.5635,22.52
276,C,RA,0.4542,0.6579,44.85
277,C,RM,0.4643,0.5843,25.86
277,C,RA,0.4538,0.5969,31.53
278,C,RM,0.4572,0.5824,27.39
278,C,RA,0.4649,0.6573,41.4
279,C,RM,0.469,0.5566,18.66
279,C,RA,0.4565,0.6233,36.53
280,C,RM,0.4703,0.5657,20.29
280,C,RA,0.4658,0.6613,41.98
281,C,RM,0.4616,0.6097,32.07
281,C,RA,0.4701,0.6266,33.29
282,C,RM,0.4567,0.5393,18.07
282,C,RA,0.481,0.6335,31.71
283,C,RM,0.4504,0.6033,33.96
283,C,RA,0.4624,0.658,42.3
284,C,RM,0.4651,0.575,23.63
284,C,RA,0.4723,0.614,30.01
285,C,RM,0.4654,0.5881,26.37
285,C,RA,0.4759,0.6212,30.54
286,C,RM,0.4585,0.5427,18.36
286,C,RA,0.4687,0.6395,36.42
287,C,RM,0.4547,0.5465,20.18
287,C,RA,0.4537,0.6415,41.4
288,C,RM,0.452,0.5726,26.68
288,C,RA,0.4625,0.6531,41.2
289,C,RM,0.4657,0.5775,24.0
289,C,RA,0.4639,0.6391,37.78
290,C,RM,0.4612,0.5894,27.79
290,C,RA,0.4794,0.6298,31.39
291,C,RM,0.4608,0.5963,29.41
291,C,RA,0.4705,0.6225,32.31
292,C,RM,0.4597,0.5452,18.6
292,C,RA,0.4532,0.6485,43.07
293,C,RM,0.453,0.5507,21.55
293,C,RA,0.4722,0.6151,30.28
294,C,RM,0.4718,0.5886,24.75
294,C,RA,0.4562,0.6548,43.53
295,C,RM,0.4704,0.555,17.98
295,C,RA,0.4652,0.6595,41.76
296,C,RM,0.4745,0.5957,25.54
296,C,RA,0.4564,0.6201,35.88
297,C,RM,0.4648,0.5414,16.47
297,C,RA,0.4642,0.6362,37.05
298,C,RM,0.4593,0.5791,26.08
298,C,RA,0.4641,0.6369,37.23
299,C,RM,0.4679,0.5455,16.6
299,C,RA,0.4671,0.614,31.44
300,C,RM,0.4549,0.5618,23.51
300,C,RA,0.4614,0.6634,43.79
301,C,RM,0.4686,0.5729,22.24
301,C,RA,0.4721,0.6328,34.04
302,C,RM,0.4659,0.6061,30.09
302,C,RA,0.4539,0.6196,36.49
303,C,RM,0.4598,0.5784,25.79
303,C,RA,0.4803,0.6505,35.45
304,C,RM,0.4618,0.5731,24.12
304,C,RA,0.4731,0.61,28.95
305,C,RM,0.4682,0.5801,23.9
305,C,RA,0.4645,0.6487,39.67
306,C,RM,0.4688,0.5783,23.34
306,C,RA,0.4815,0.6623,37.55
307,C,RM,0.4591,0.5424,18.16
307,C,RA,0.4722,0.6448,36.57
308,C,RM,0.4552,0.5364,17.85
308,C,RA,0.4619,0.5957,28.97
309,C,RM,0.48,0.5613,16.94
309,C,RA,0.4661,0.5997,28.68
310,C,RM,0.454,0.5607,23.51
310,C,RA,0.4528,0.6481,43.13
311,C,RM,0.4719,0.5568,18.0
311,C,RA,0.46,0.6243,35.71
312,C,RM,0.4537,0.5725,26.2
312,C,RA,0.4623,0.6538,41.42
313,C,RM,0.469,0.5942,26.71
313,C,RA,0.473,0.6431,35.96
314,C,RM,0.4748,0.5428,14.31
314,C,RA,0.463,0.6152,32.89
315,C,RM,0.4699,0.5637,19.98
315,C,RA,0.4639,0.6198,33.59
316,C,RM,0.4569,0.579,26.73
316,C,RA,0.4762,0.6612,38.87
317,C,RM,0.4639,0.5782,24.64
317,C,RA,0.464,0.6441,38.81
318,C,RM,0.4566,0.5856,28.26
318,C,RA,0.4643,0.633,36.35
319,C,RM,0.4569,0.5625,23.1
319,C,RA,0.4752,0.6254,31.6
320,C,RM,0.4585,0.549,19.72
320,C,RA,0.4516,0.6128,35.68
321,C,RM,0.4602,0.5816,26.39
321,C,RA,0.4834,0.6238,29.03
322,C,RM,0.4613,0.6128,32.86
322,C,RA,0.4564,0.6624,45.14
323,C,RM,0.4696,0.5747,22.38
323,C,RA,0.4685,0.6209,32.53
324,C,RM,0.4578,0.559,22.1
324,C,RA,0.4609,0.6352,37.82
325,C,RM,0.4631,0.5717,23.44
325,C,RA,0.4647,0.6337,36.36
326,C,RM,0.4531,0.5829,28.65
326,C,RA,0.4609,0.668,44.94
327,C,RM,0.4584,0.5667,23.63
327,C,RA,0.4383,0.6229,42.1
328,C,RM,0.4593,0.5878,27.99
328,C,RA,0.4581,0.6529,42.52
329,C,RM,0.455,0.5837,28.28
329,C,RA,0.4746,0.6572,38.47
330,C,RM,0.4649,0.5665,21.84
330,C,RA,0.4618,0.6462,39.93
331,C,RM,0.4779,0.5756,20.44
331,C,RA,0.4713,0.6231,32.2
332,C,RM,0.4744,0.5695,20.04
332,C,RA,0.4599,0.6261,36.13
333,C,RM,0.4626,0.5538,19.72
333,C,RA,0.4564,0.6309,38.25
334,C,RM,0.4743,0.5838,23.1
334,C,RA,0.468,0.6811,45.54
335,C,RM,0.4714,0.5755,22.08
335,C,RA,0.4602,0.653,41.88
336,C,RM,0.4636,0.5851,26.2
336,C,RA,0.4578,0.618,35.01
337,C,RM,0.466,0.5599,20.16
337,C,RA,0.4588,0.6417,39.86
338,C,RM,0.4715,0.5564,18.0
338,C,RA,0.4537,0.6552,44.4
339,C,RM,0.4731,0.5716,20.83
339,C,RA,0.4591,0.6414,39.71
340,C,RM,0.4515,0.551,22.03
340,C,RA,0.4579,0.6802,48.57
341,C,RM,0.48,0.5773,20.26
341,C,RA,0.4638,0.6436,38.76
342,C,RM,0.4604,0.5547,20.48
342,C,RA,0.4692,0.6781,44.54
343,C,RM,0.4871,0.5242,7.61
343,C,RA,0.4502,0.6411,42.4
344,C,RM,0.4641,0.5786,24.66
344,C,RA,0.4649,0.6416,38.01
345,C,RM,0.4528,0.5736,26.67
345,C,RA,0.4708,0.6381,35.53
346,C,RM,0.4535,0.5656,24.72
346,C,RA,0.4695,0.6342,35.09
347,C,RM,0.462,0.5746,24.37
347,C,RA,0.4535,0.6099,34.47
348,C,RM,0.4634,0.565,21.94
348,C,RA,0.4636,0.6525,40.77
349,C,RM,0.4636,0.5408,16.66
349,C,RA,0.471,0.6131,30.16
350,C,RM,0.4467,0.5432,21.61
350,C,RA,0.4586,0.6301,37.4
351,C,RM,0.4675,0.5833,24.77
351,C,RA,0.4681,0.6044,29.13
352,C,RM,0.463,0.5719,23.53
352,C,RA,0.4711,0.6533,38.67
353,C,RM,0.4769,0.5967,25.12
353,C,RA,0.4666,0.6467,38.6
354,C,RM,0.4786,0.5801,21.21
354,C,RA,0.4579,0.6561,43.29
355,C,RM,0.4639,0.5443,17.32
355,C,RA,0.4701,0.6476,37.74
356,C,RM,0.4561,0.5692,24.79
356,C,RA,0.4747,0.6288,32.46
357,C,RM,0.4623,0.5442,17.71
357,C,RA,0.4831,0.6518,34.92
358,C,RM,0.4599,0.5742,24.83
358,C,RA,0.4764,0.64,34.35
359,C,RM,0.476,0.5449,14.48
359,C,RA,0.4629,0.6381,37.85
360,C,RM,0.4443,0.5823,31.08
360,C,RA,0.4607,0.6374,38.34
361,C,RM,0.4578,0.5613,22.61
361,C,RA,0.4591,0.6483,41.22
362,C,RM,0.4724,0.604,27.87
362,C,RA,0.4715,0.6424,36.24
363,C,RM,0.4577,0.5558,21.43
363,C,RA,0.4555,0.6519,43.1
364,C,RM,0.4522,0.5637,24.65
364,C,RA,0.4608,0.6386,38.6
365,C,RM,0.4661,0.5594,20.02
365,C,RA,0.4601,0.6261,36.1
366,C,RM,0.4809,0.5541,15.23
366,C,RA,0.4503,0.6407,42.28
367,C,RM,0.4704,0.556,18.19
367,C,RA,0.4635,0.6489,40.01
368,C,RM,0.4623,0.5546,19.97
368,C,RA,0.4575,0.6418,40.29
369,C,RM,0.4835,0.5743,18.79
369,C,RA,0.4607,0.657,42.61
370,C,RM,0.4629,0.567,22.48
370,C,RA,0.4624,0.621,34.3
371,C,RM,0.4615,0.5947,28.85
371,C,RA,0.4641,0.6254,34.75
372,C,RM,0.4511,0.5484,21.55
372,C,RA,0.4571,0.6538,43.04
373,C,RM,0.449,0.5741,27.87
373,C,RA,0.4676,0.645,37.92
374,C,RM,0.463,0.5602,20.99
374,C,RA,0.4484,0.6658,48.48
375,C,RM,0.4509,0.5906,31.0
375,C,RA,0.4636,0.6536,40.99
376,C,RM,0.4656,0.5599,20.25
376,C,RA,0.4688,0.6516,38.99
377,C,RM,0.4727,0.5592,18.3
377,C,RA,0.4627,0.6163,33.19
378,C,RM,0.463,0.5499,18.77
378,C,RA,0.46,0.6597,43.4
379,C,RM,0.4591,0.5405,17.75
379,C,RA,0.4546,0.6533,43.73
380,C,RM,0.4577,0.5596,22.28
380,C,RA,0.4634,0.6387,37.82
381,C,RM,0.4581,0.5838,27.43
381,C,RA,0.4682,0.6548,39.85
382,C,RM,0.452,0.528,16.82
382,C,RA,0.4675,0.6061,29.65
383,C,RM,0.4695,0.5419,15.41
383,C,RA,0.4646,0.6313,35.89
384,C,RM,0.4735,0.5638,19.07
384,C,RA,0.4438,0.6354,43.16
385,C,RM,0.4611,0.5813,26.07
385,C,RA,0.4722,0.6358,34.64
386,C,RM,0.4777,0.6022,26.05
386,C,RA,0.4707,0.6314,34.16
387,C,RM,0.4591,0.5817,26.7
387,C,RA,0.4484,0.6284,40.14
388,C,RM,0.4663,0.5538,18.77
388,C,RA,0.4671,0.6394,36.88
389,C,RM,0.4614,0.5644,22.33
389,C,RA,0.4653,0.6473,39.12
390,C,RM,0.4592,0.5796,26.2
390,C,RA,0.4698,0.6465,37.61
391,C,RM,0.4568,0.5672,24.17
391,C,RA,0.463,0.6718,45.11
392,C,RM,0.4662,0.5559,19.24
392,C,RA,0.4649,0.6212,33.62
393,C,RM,0.4623,0.5906,27.77
393,C,RA,0.4603,0.617,34.06
394,C,RM,0.4776,0.5576,16.77
394,C,RA,0.4696,0.6146,30.87
395,C,RM,0.4633,0.5682,22.65
395,C,RA,0.4708,0.6295,33.71
396,C,RM,0.4645,0.5962,28.35
396,C,RA,0.4392,0.6428,46.34
397,C,RM,0.4503,0.6008,33.43
397,C,RA,0.4642,0.6441,38.74
398,C,RM,0.4615,0.5292,14.68
398,C,RA,0.4687,0.65,38.68
399,C,RM,0.4581,0.5314,16.02
399,C,RA,0.4778,0.6482,35.67
400,C,RM,0.4628,0.577,24.67
400,C,RA,0.4616,0.6124,32.67
401,C,RM,0.4686,0.5808,23.95
401,C,RA,0.4614,0.5965,29.29
402,C,RM,0.4569,0.5809,27.13
402,C,RA,0.4692,0.6379,35.96
403,C,RM,0.4586,0.5412,18.03
403,C,RA,0.4546,0.6043,32.94
404,C,RM,0.4596,0.5476,19.15
404,C,RA,0.4511,0.6032,33.72
405,C,RM,0.4668,0.547,17.18
405,C,RA,0.4627,0.6724,45.31
406,C,RM,0.4517,0.5773,27.81
406,C,RA,0.4681,0.6147,31.31
407,C,RM,0.4621,0.572,23.79
407,C,RA,0.4538,0.6466,42.48
408,C,RM,0.4599,0.5507,19.74
408,C,RA,0.4622,0.6277,35.81
409,C,RM,0.4654,0.5444,16.99
409,C,RA,0.4718,0.6322,33.99
410,C,RM,0.4643,0.5797,24.84
410,C,RA,0.4533,0.5967,31.65
411,C,RM,0.4723,0.5514,16.75
411,C,RA,0.477,0.6379,33.73
412,C,RM,0.4627,0.5245,13.34
412,C,RA,0.4617,0.6324,37.0
413,C,RM,0.4569,0.572,25.21
413,C,RA,0.457,0.576,26.03
414,C,RM,0.4591,0.5575,21.43
414,C,RA,0.4746,0.6243,31.54
415,C,RM,0.4632,0.5634,21.62
415,C,RA,0.4588,0.6247,36.16
416,C,RM,0.4619,0.5802,25.61
416,C,RA,0.4813,0.6386,32.69
417,C,RM,0.4672,0.5812,24.4
417,C,RA,0.4602,0.6337,37.7
418,C,RM,0.4521,0.5364,18.65
418,C,RA,0.4701,0.6173,31.31
419,C,RM,0.4573,0.5679,24.19
419,C,RA,0.4695,0.5993,27.63
420,C,RM,0.4653,0.5538,19.02
420,C,RA,0.4572,0.6315,38.1
421,C,RM,0.4783,0.5621,17.51
421,C,RA,0.4612,0.6628,43.7
422,C,RM,0.4574,0.5585,22.09
422,C,RA,0.4591,0.6687,45.68
423,C,RM,0.4711,0.5746,21.97
423,C,RA,0.462,0.6242,35.12
424,C,RM,0.4586,0.5819,26.89
424,C,RA,0.4624,0.6281,35.83
425,C,RM,0.4655,0.5683,22.07
425,C,RA,0.4666,0.6613,41.71
426,C,RM,0.4568,0.5692,24.61
426,C,RA,0.4731,0.6059,28.05
427,C,RM,0.4894,0.5601,14.44
427,C,RA,0.468,0.6426,37.29
428,C,RM,0.4602,0.5332,15.87
428,C,RA,0.4655,0.6348,36.36
429,C,RM,0.464,0.5725,23.39
429,C,RA,0.4642,0.6383,37.52
430,C,RM,0.453,0.5624,24.17
430,C,RA,0.4653,0.6179,32.79
431,C,RM,0.4531,0.5764,27.2
431,C,RA,0.466,0.6085,30.58
432,C,RM,0.4764,0.5786,21.46
432,C,RA,0.4523,0.6627,46.54
433,C,RM,0.4662,0.5457,17.04
433,C,RA,0.4605,0.5992,30.11
434,C,RM,0.4687,0.546,16.5
434,C,RA,0.4679,0.6296,34.54
435,C,RM,0.4648,0.563,21.14
435,C,RA,0.4692,0.646,37.7
436,C,RM,0.4676,0.5544,18.55
436,C,RA,0.4597,0.6573,43.0
437,C,RM,0.4601,0.5905,28.34
437,C,RA,0.4729,0.6278,32.77
438,C,RM,0.4555,0.5715,25.47
438,C,RA,0.4784,0.6592,37.78
439,C,RM,0.4654,0.5793,24.48
439,C,RA,0.4575,0.6387,39.6
440,C,RM,0.4541,0.5828,28.33
440,C,RA,0.4683,0.6261,33.67
441,C,RM,0.4744,0.5767,21.56
441,C,RA,0.4688,0.6524,39.16
442,C,RM,0.4622,0.5438,17.65
442,C,RA,0.4585,0.6357,38.65
443,C,RM,0.4618,0.5417,17.3
443,C,RA,0.4622,0.6294,36.19
444,C,RM,0.4757,0.5411,13.75
444,C,RA,0.462,0.6605,42.95
445,C,RM,0.4643,0.5652,21.73
445,C,RA,0.4564,0.6382,39.85
446,C,RM,0.4725,0.5731,21.28
446,C,RA,0.4771,0.6398,34.1
447,C,RM,0.4708,0.5767,22.49
447,C,RA,0.462,0.6514,40.99
448,C,RM,0.4522,0.565,24.96
448,C,RA,0.4542,0.6332,39.43
449,C,RM,0.4714,0.5694,20.81
449,C,RA,0.4648,0.6072,30.63
450,C,RM,0.4578,0.586,28.01
450,C,RA,0.4664,0.622,33.38
451,C,RM,0.4634,0.5939,28.14
451,C,RA,0.4598,0.6495,41.24
452,C,RM,0.4667,0.5846,25.27
452,C,RA,0.4654,0.6474,39.11
453,C,RM,0.4603,0.5912,28.43
453,C,RA,0.4684,0.6255,33.53
454,C,RM,0.4629,0.5653,22.12
454,C,RA,0.4591,0.674,46.81
455,C,RM,0.4672,0.5531,18.4
455,C,RA,0.4712,0.594,26.06
456,C,RM,0.4627,0.5365,15.95
456,C,RA,0.4603,0.6352,38.0
457,C,RM,0.4496,0.5434,20.87
457,C,RA,0.4677,0.6687,42.99
458,C,RM,0.4637,0.5897,27.17
458,C,RA,0.4754,0.6369,33.96
459,C,RM,0.463,0.5929,28.06
459,C,RA,0.4466,0.6154,37.79
460,C,RM,0.4647,0.5887,26.69
460,C,RA,0.4668,0.6362,36.3
461,C,RM,0.4761,0.561,17.83
461,C,RA,0.4676,0.6193,32.45
462,C,RM,0.456,0.5616,23.16
462,C,RA,0.4624,0.6393,38.26
463,C,RM,0.451,0.5409,19.94
463,C,RA,0.4696,0.6386,35.99
464,C,RM,0.457,0.5637,23.35
464,C,RA,0.4644,0.5963,28.41
465,C,RM,0.4657,0.5816,24.89
465,C,RA,0.4576,0.6105,33.42
466,C,RM,0.445,0.5651,26.98
466,C,RA,0.4646,0.6521,40.36
467,C,RM,0.4574,0.5592,22.26
467,C,RA,0.4646,0.6311,35.83
468,C,RM,0.4521,0.5849,29.37
468,C,RA,0.4608,0.6402,38.94
469,C,RM,0.4709,0.5532,17.5
469,C,RA,0.4607,0.5948,29.1
470,C,RM,0.4545,0.5437,19.64
470,C,RA,0.4778,0.644,34.77
471,C,RM,0.4626,0.5731,23.89
471,C,RA,0.4557,0.657,44.19
472,C,RM,0.4546,0.5652,24.33
472,C,RA,0.4701,0.6631,41.07
473,C,RM,0.4809,0.5701,18.55
473,C,RA,0.4662,0.6356,36.33
474,C,RM,0.4587,0.5724,24.78
474,C,RA,0.4488,0.6222,38.62
475,C,RM,0.4667,0.5749,23.18
475,C,RA,0.4682,0.644,37.56
476,C,RM,0.4707,0.586,24.48
476,C,RA,0.4459,0.6282,40.88
477,C,RM,0.4628,0.5767,24.61
477,C,RA,0.4589,0.6422,39.95
478,C,RM,0.4652,0.5557,19.45
478,C,RA,0.4604,0.627,36.2
479,C,RM,0.4595,0.5658,23.11
479,C,RA,0.4432,0.6443,45.38
480,C,RM,0.458,0.5433,18.63
480,C,RA,0.4579,0.6123,33.71
481,C,RM,0.457,0.5715,25.05
481,C,RA,0.4597,0.6636,44.33
482,C,RM,0.4648,0.5669,21.97
482,C,RA,0.475,0.6353,33.75
483,C,RM,0.451,0.5402,19.77
483,C,RA,0.4566,0.6637,45.35
484,C,RM,0.4699,0.5814,23.72
484,C,RA,0.4721,0.6503,37.75
485,C,RM,0.4608,0.5893,27.88
485,C,RA,0.473,0.6452,36.39
486,C,RM,0.4575,0.5537,21.02
486,C,RA,0.4638,0.6622,42.8
487,C,RM,0.4579,0.5557,21.37
487,C,RA,0.4767,0.6183,29.71
488,C,RM,0.4445,0.5286,18.93
488,C,RA,0.4617,0.6359,37.74
489,C,RM,0.4546,0.6011,32.21
489,C,RA,0.4642,0.6283,35.35
490,C,RM,0.4702,0.5452,15.96
490,C,RA,0.4653,0.6185,32.93
491,C,RM,0.4687,0.5414,15.5
491,C,RA,0.4516,0.6591,45.94
492,C,RM,0.4687,0.5409,15.42
492,C,RA,0.4559,0.6196,35.92
493,C,RM,0.4556,0.591,29.71
493,C,RA,0.4573,0.6225,36.14
494,C,RM,0.4728,0.5713,20.84
494,C,RA,0.4527,0.6799,50.19
495,C,RM,0.455,0.5823,27.98
495,C,RA,0.4632,0.6327,36.59
496,C,RM,0.4553,0.587,28.93
496,C,RA,0.4747,0.6244,31.55
497,C,RM,0.4731,0.5568,17.69
497,C,RA,0.4556,0.607,33.24
498,C,RM,0.4589,0.5898,28.52
498,C,RA,0.4745,0.6713,41.48
499,C,RM,0.4599,0.5952,29.41
499,C,RA,0.4784,0.6414,34.09
500,C,RM,0.4544,0.5927,30.43
500,C,RA,0.4693,0.6397,36.32
